X,Y,H
5545159.4688,7422056.6431,177.7359846096
5545160.2319,7422057.1398,177.5414049144
5545161.1065,7422057.5973,177.3534769144
5545161.9392,7422058.1193,177.124628724
5545162.9011,7422058.5059,176.7468748952
5545163.8268,7422058.9898,176.3808032
5545164.7986,7422059.3801,175.9926644192
5545165.7906,7422059.7184,175.8515312
5545166.7802,7422060.0019,175.723928724
5545167.8102,7422060.2549,175.674020724
5545168.7856,7422060.4251,175.64931089520002
5545169.7944,7422060.5276,175.5831748952
5545170.8059,7422060.5973,175.42152872399998
5545171.8416,7422060.5561,175.28873119999997
5545172.8498,7422060.6085,175.19930811440003
5545173.8859,7422060.6845,175.0377108952
5545174.8519,7422060.7591,175.09193119999998
5545175.886,7422060.6449,175.24330041919998
5545176.9509,7422060.6502,175.0075955048
5545178.0475,7422060.5828,174.66123119999997
5545179.1203,7422060.5228,174.2745364192
5545180.2143,7422060.6173,174.07992072400003
5545181.2898,7422060.6705,173.9128364192
5545182.3778,7422060.8079,173.72177211439998
5545183.5011,7422060.8956,173.44000811439997
5545184.5828,7422061.0375,173.16674659039998
5545185.7218,7422061.0723,172.61967691439997
5545186.8162,7422061.2568,172.0101381336
5545187.9537,7422061.3457,171.56502552400002
5545189.0388,7422061.5257,171.4236178288
5545190.1899,7422061.614,171.3380101336
5545191.2696,7422061.8159,171.2543126096
5545192.4242,7422061.9249,171.1850923048
5545193.5226,7422062.1549,171.07639999999998
5545194.6831,7422062.2441,171.1100126096
5545195.781,7422062.3996,171.040653524
5545196.956,7422062.3991,170.8920178288
5545198.082,7422062.4572,170.7564049144
5545199.2647,7422062.4908,170.5001846096
5545200.4194,7422062.5439,170.3437332192
5545201.6092,7422062.5631,170.1490332192
5545204.4459,7422062.4008,171.246389524
5545205.7057,7422062.3946,171.2144
5545206.9515,7422062.3222,171.1955049144
5545208.1956,7422062.2866,171.212661524
5545209.4751,7422062.1999,171.2157972192
5545210.7199,7422062.1465,171.2387818288
5545211.9111,7422061.8358,171.26815630480002
5545213.1244,7422061.6325,171.3405178288
5545214.2537,7422061.1898,171.3385126096
5545215.3833,7422060.8108,171.358161524
5545216.4827,7422060.3212,171.33440000000002
5545217.533,7422059.8041,171.31462060959998
5545218.5994,7422059.2594,171.3044332192
5545219.6382,7422058.6637,171.23976921919999
5545220.7123,7422058.1744,171.2375846096
5545221.746,7422057.5741,171.18099721919998
5545222.808,7422057.073,171.19794860960002
5545223.8639,7422056.4586,171.22047691440002
5545224.9093,7422055.9211,171.2445206096
5545225.9574,7422055.317,171.2430206096
5545226.9534,7422054.7428,171.29122830480003
5545228.0063,7422054.1638,171.4832126096
5545229.038,7422053.5559,171.771861524
5545230.0707,7422052.9629,171.8053049144
5545231.0798,7422052.3001,171.8828923048
5545232.1194,7422051.7237,171.8602101336
5545233.0894,7422050.9999,171.66357691439998
5545234.1575,7422050.4276,171.8545101336
5545235.1073,7422049.6754,171.884389524
5545236.1362,7422049.0553,171.9390563048
5545237.1112,7422048.3029,171.8565972192
5545238.0474,7422047.6052,171.7270923048
5545239.0324,7422046.842,171.53176152400002
5545239.96,7422046.1104,171.32659999999998
5545240.8984,7422045.3188,171.2026332192
5545241.7869,7422044.5697,171.11462830480002
5545242.6022,7422043.734,171.05752552400003
5545243.4382,7422042.9646,171.07446152400001
5545244.1801,7422042.1604,171.2423049144
5545244.7712,7422041.3561,171.3791178288
5545245.2297,7422040.5701,171.4378178288
5545245.5687,7422039.6649,171.3330283048
5545245.9323,7422038.783,171.3678206096
5545246.3809,7422037.896,171.35581013360002
5545246.9566,7422037.1282,171.303561524
5545247.5933,7422036.3338,171.2069563048
5545248.3497,7422035.6772,171.2048126096
5545249.1148,7422035.0027,171.38080000000002
5545249.95,7422034.3931,171.49627413360002
5545250.7611,7422033.7123,171.34177413359998
5545251.465,7422032.9683,171.24483321920002
5545252.1674,7422032.1277,171.503853524
5545252.8863,7422031.327,171.5728206096
5545253.5463,7422030.5112,171.7802283048
5545254.2676,7422029.7507,172.1966126096
5545254.7458,7422028.8312,172.6670081144
5545255.3068,7422027.9345,173.11802072400002
5545255.7011,7422026.9365,173.2122032
5545256.1749,7422026.0147,173.247228724
5545256.5529,7422024.9783,173.2182875048
5545256.982,7422024.0073,173.17032072400002
5545257.3663,7422022.9505,173.0998004192
5545257.7568,7422021.9429,173.0617850288
5545258.1719,7422020.8776,173.0197518096
5545258.623,7422019.8632,172.9988672
5545259.062,7422018.8031,172.9477388952
5545259.5624,7422017.7759,172.89457211440003
5545260.0726,7422016.732,172.876292724
5545260.5551,7422015.6686,172.83935672400003
5545261.0627,7422014.6135,172.8142798096
5545261.493,7422013.5279,172.7566955048
5545262.0084,7422012.4695,172.73127211439999
5545262.3755,7422011.3624,172.6767518096
5545262.8504,7422010.2999,172.66017211439998
5545263.1649,7422009.1635,172.6064441144
5545263.6049,7422008.0828,172.62733120000001
5545264.0024,7422006.9742,172.5717108952
5545264.4076,7422005.9233,172.512656724
5545264.8381,7422004.8715,172.62862350480003
5545265.2091,7422003.8527,172.6639032
5545265.4,7422002.7654,172.6202595048
5545265.6263,7422001.6861,172.83043120000002
5545265.7115,7422000.535,173.13922072399998
5545265.9101,7421999.4398,173.1852465904
5545265.9626,7421998.2533,173.052028724
5545266.1265,7421997.1434,173.0881004192
5545266.1867,7421995.9707,173.2308004192
5545266.3458,7421994.8517,173.424728724
5545266.4273,7421993.6783,173.7562108952
5545266.5975,7421992.5454,173.95867211440003
5545266.8116,7421991.4189,173.77858750480002
5545267.0103,7421990.2921,173.2055081144
5545267.2628,7421989.2063,172.9939032
5545267.4863,7421988.0863,173.27132072400002
5545267.7995,7421987.0589,172.9107004192
5545268.1631,7421986.0499,172.6766465904
5545268.5765,7421985.1058,172.61015180959998
5545268.9733,7421984.0841,172.6478644192
5545269.4226,7421983.1251,172.75535950480003
5545269.8915,7421982.0956,173.3663312
5545270.3852,7421981.1424,174.4448441144
5545270.9561,7421980.1052,174.3859644192
5545271.5627,7421979.1505,174.38957980959998
5545272.1555,7421978.0904,174.1576721144
5545272.8045,7421977.096,174.0485388952
5545273.3283,7421975.9818,174.1365748952
5545273.915,7421974.9078,174.17330811440002
5545274.2878,7421973.7765,174.6047748952
5545274.6774,7421972.7009,174.780720724
5545274.9481,7421971.5783,174.85085672399998
5545275.2007,7421970.4877,175.3928032
5545275.4204,7421969.3514,175.276064
5545275.5975,7421968.2628,175.8119206096
5545275.7646,7421967.1409,176.6017563048
5545275.8464,7421966.0222,176.72950000000003
5545276.034,7421964.8678,176.3648049144
5545276.1461,7421963.6881,176.7155153904
5545276.2925,7421962.5515,176.6954
5545276.3922,7421961.3196,176.67520000000002
5545276.5303,7421960.1551,176.6746
5545276.56,7421958.9385,176.67900000000003
5545276.6976,7421957.7974,176.6839
5545275.9849,7421956.0668,179.73020000000002
5545276.1114,7421954.9597,178.186564
5545276.0939,7421953.9028,177.7836178288
5545276.1096,7421952.865,177.60281089519998
5545275.9959,7421951.8751,177.285728724
5545275.7472,7421950.3482,176.84211580960002
5545275.5831,7421949.893,176.74522350479998
5545275.2805,7421949.0009,176.7272312
5545274.9534,7421948.1568,176.7438108952
5545274.5932,7421947.3455,176.8310004192
5545274.1602,7421946.4856,177.2766875048
5545273.6151,7421945.6204,177.4046108952
5545272.9334,7421945.1137,177.38279550480001
5545272.6295,7421944.7936,177.809756724
5545271.9805,7421944.6569,178.0447283048
5545271.3829,7421944.537,178.1168307808
5545270.8332,7421944.4304,178.5506950856
5545270.2998,7421944.3295,178.7096436952
5545269.742,7421944.2883,178.57398739040002
5545269.1962,7421944.262,178.3962923048
5545268.689,7421944.2177,178.26077691440003
5545268.1887,7421944.2488,178.06686678079998
5545267.5736,7421944.3545,178.01999999999998
5545266.9249,7421944.6835,188.3687283048
5545266.275,7421945.1246,188.6232716952
5545265.6342,7421945.7625,188.742604
5545264.9463,7421946.3684,188.8094806096
5545264.2796,7421947.12,188.8456076952
5545263.5335,7421947.8071,188.8448396952
5545262.7451,7421948.526,188.862636
5545261.9204,7421949.249,188.91098830480001
5545261.0762,7421949.9514,189.0394563048
5545260.3091,7421950.7375,189.0272206096
5545259.5173,7421951.4509,189.0733486096
5545258.8208,7421952.336,189.094968
5545258.142,7421953.1979,189.13219600000002
5545257.4633,7421954.1062,189.22048460960002
5545256.8242,7421955.0362,189.2569526096
5545256.0187,7421955.8912,189.3442126096
5545255.2877,7421956.7847,189.3937283048
5545254.4507,7421957.5771,189.4487486096
5545253.6729,7421958.4412,189.5540846096
5545252.8977,7421959.2112,189.600696
5545252.1684,7421960.0724,189.6806396952
5545251.4286,7421960.8808,189.7396
5545250.6812,7421961.6781,189.810404
5545249.9777,7421962.4904,189.8829166096
5545249.2259,7421963.2758,189.930068
5545248.5055,7421964.0838,189.98457569520002
5545247.7559,7421964.8402,190.03048830480003
5545247.0519,7421965.7089,190.1526283048
5545246.2881,7421966.5248,190.25141660960003
5545245.5395,7421967.468,190.3219166096
5545244.7505,7421968.3213,190.3724806096
5545243.9454,7421969.1747,190.4438883048
5545243.1096,7421969.9402,190.5758076952
5545242.2474,7421970.6999,190.7224243048
5545241.393,7421971.454,190.8164923048
5545240.4735,7421972.0856,190.930632
5545239.5421,7421972.7751,190.903836
5545238.5674,7421973.3658,191.01072430480002
5545237.6097,7421974.0414,191.21263599999997
5545236.6524,7421974.6799,191.32257230480002
5545235.6285,7421975.3341,191.3561043048
5545234.7008,7421976.0349,191.405916
5545233.711,7421976.7916,191.4468923048
5545232.7998,7421977.6728,191.5036883048
5545231.8819,7421978.5246,191.598136
5545231.0426,7421979.5254,191.730348
5545230.1604,7421980.4392,191.77252430480002
5545229.2434,7421981.3831,191.9430723048
5545228.3376,7421982.2879,191.95229600000002
5545227.374,7421983.1339,192.07297230480003
5545226.5096,7421984.107,192.1643123048
5545225.521,7421984.9373,192.24671230479998
5545224.5967,7421985.8221,192.3382
5545223.6757,7421986.6664,192.40345200000002
5545222.7636,7421987.5133,192.4637603048
5545221.916,7421988.4139,192.5008883048
5545221.041,7421989.2653,192.61642430479998
5545220.1759,7421990.2253,192.6797723048
5545219.3496,7421991.0889,192.80415630480002
5545218.4017,7421991.9072,192.883596
5545217.4528,7421992.6519,192.9811283048
5545216.4743,7421993.3516,193.09584800000002
5545215.4895,7421994.0788,193.1987923048
5545214.5108,7421994.73,193.29498
5545213.555,7421995.4627,193.3783716952
5545212.6005,7421996.1388,193.336296
5545211.6931,7421996.8864,193.44178000000002
5545210.7731,7421997.6418,193.51942369520003
5545209.8975,7421998.4399,193.702668
5545209.0957,7421999.4268,193.735984
5545208.2281,7422000.2913,193.714604
5545207.3743,7422001.2313,193.59438
5545206.5284,7422002.1576,191.809748
5545205.6282,7422002.9579,191.2568206096
5545204.7242,7422003.7742,190.6996846096
5545203.8038,7422004.5019,190.266068
5545202.8751,7422005.202,194.866248
5545201.9329,7422005.8702,189.684896
5545201.0349,7422006.5142,190.323632
5545200.1064,7422007.2085,190.7044166096
5545199.1891,7422007.8328,191.0015243048
5545198.1956,7422008.3189,195.67156400000002
5545197.2945,7422008.5949,195.688104
5545196.5798,7422008.5393,195.6873603048
5545196.0247,7422008.3495,195.689164
5545195.5198,7422007.9592,195.6667283048
5545195.2241,7422007.4412,195.6660876952
5545194.9005,7422006.8272,195.7175603048
5545194.4433,7422006.0917,195.5356443048
5545194.0627,7422005.262,195.542116
5545193.4967,7422004.3558,195.4601083048
5545193.0104,7422003.4095,195.39814800000002
5545192.613,7422002.3619,195.3143603048
5545192.2248,7422001.2991,195.240452
5545191.908,7422000.2389,195.1695
5545191.6012,7421999.0857,195.0783
5545191.3671,7421998.0123,194.985016
5545191.1453,7421996.8724,194.9195716952
5545190.8895,7421995.7358,194.80548000000002
5545190.7754,7421994.5725,194.7371716952
5545190.4706,7421993.3469,194.750716
5545190.2335,7421992.071,194.7769
5545189.9636,7421990.7723,194.5616876952
5545189.6091,7421989.4113,194.4717396952
5545189.2401,7421988.1273,194.457364
5545188.8319,7421986.79,194.32683600000001
5545188.4089,7421985.473,194.2230123048
5545187.9946,7421984.2235,194.12328000000002
5545187.5392,7421983.0365,193.977568
5545187.1077,7421981.9658,193.8282716952
5545186.6249,7421981.0536,193.6172556952
5545186.0131,7421980.3608,192.95028399999998
5545185.406,7421979.6572,192.091664
5545184.8767,7421978.9088,191.376084
5545184.4772,7421978.1064,188.8292603048
5545184.3076,7421977.281,187.98919600000002
5545184.2406,7421976.3751,187.0936563048
5545184.2167,7421975.4128,183.46707939040002
5545184.2301,7421974.4627,181.3172883048
5545184.1433,7421973.4552,180.6042486096
5545184.0929,7421972.4902,180.295064
5545184.0269,7421971.499,179.63743599999998
5545183.9154,7421970.4733,179.3103667808
5545183.906,7421969.4478,178.9851307808
5545183.7234,7421968.3648,178.71534860960003
5545183.5634,7421967.3089,178.4221846096
5545183.4045,7421966.205,178.2164206096
5545183.1767,7421965.083,177.9051076952
5545183.027,7421963.9852,177.4857364192
5545182.8907,7421962.8678,177.6429644192
5545182.8441,7421961.8099,177.9706409144
5545182.7846,7421960.7422,177.3317388952
5545182.8061,7421959.6939,176.9757465904
5545182.8114,7421958.6456,176.80066441920002
5545182.7924,7421957.6028,176.8512748952
5545182.8391,7421956.5612,176.8603672
5545182.7822,7421955.4944,176.7539465904
5545182.8527,7421954.4483,176.73797211439998
5545182.7994,7421953.3567,176.4427158096
5545182.7833,7421952.2856,176.1851235048
5545182.7145,7421951.1578,176.15893641920002
5545182.7144,7421950.0769,176.05745672400002
5545182.7442,7421948.9653,175.8803850288
5545182.7547,7421947.8732,175.3954595048
5545182.8692,7421946.7843,175.01413641919999
5545182.8896,7421945.6842,174.36848460960002
5545182.9398,7421944.5742,173.9342409144
5545182.9305,7421943.4475,173.496064
5545182.9374,7421942.3477,173.0336818288
5545182.9367,7421941.173,171.7876458288
5545183.0043,7421940.0349,171.2117692192
5545183.08,7421938.8752,171.209625524
5545183.1729,7421937.7256,171.303661524
5545183.3181,7421936.589,171.306764
5545183.4012,7421935.4158,171.4917409144
5545183.5776,7421934.2557,171.6146692192
5545183.6086,7421933.0879,171.6184381336
5545183.6987,7421931.9436,171.69535630480001
5545183.6382,7421930.7727,171.638389524
5545183.5675,7421929.6312,171.620453524
5545183.3859,7421928.4894,171.57632552400003
5545183.3234,7421927.3658,171.5119178288
5545183.2704,7421926.2337,171.4099923048
5545183.2517,7421925.1261,171.3701692192
5545183.3132,7421924.02,171.36247691440002
5545183.3159,7421922.9262,171.3478381336
5545183.4127,7421921.8658,171.3877178288
5545183.4737,7421920.7805,171.4987486096
5545183.6147,7421919.7283,171.5692126096
5545183.6317,7421918.6014,171.5682818288
5545183.7048,7421917.5028,171.58422552399998
5545183.7362,7421916.359,171.6172049144
5545183.8491,7421915.1679,171.606153524
5545184.0487,7421913.9912,171.7232178288
5545184.1682,7421912.7316,171.8737563048
5545184.4578,7421911.4646,172.097653524
5545184.5689,7421910.1784,172.1825332192
5545184.7237,7421908.9369,172.357364
5545184.7502,7421907.6981,172.29909230479998
5545184.7781,7421906.5155,172.24279721919999
5545184.6655,7421905.3565,172.3239923048
5545184.4597,7421904.2422,172.403289524
5545184.1696,7421903.126,172.1713923048
5545183.8242,7421902.0184,171.92399721919998
5545183.4827,7421900.8975,171.8845846096
5545183.1709,7421899.7823,171.693364
5545182.9058,7421898.6841,171.432989524
5545182.6062,7421897.6226,171.3159049144
5545182.3659,7421896.5573,171.6271486096
5545182.1003,7421895.5175,171.7794923048
5545181.8731,7421894.4945,172.01874860959998
5545181.6308,7421893.495,172.52576399999998
5545181.4189,7421892.5495,172.8162206096
5545181.2247,7421891.5347,172.9031563048
5545181.1172,7421890.5721,173.0696101336
5545181.1666,7421889.5005,173.5700206096
5545181.3158,7421888.4854,174.28866152400002
5545181.4443,7421887.4304,174.9368518096
5545181.7307,7421886.4456,175.08400319999998
5545181.9371,7421885.3813,175.6969004192
5545182.216,7421884.3907,175.955428724
5545182.4735,7421883.366,176.1832748952
5545182.8057,7421882.369,176.84643119999998
5545183.169,7421881.3546,177.3812955048
5545183.5202,7421880.3633,179.9622793904
5545183.8954,7421879.37,181.550396
5545184.2343,7421878.374,181.95573199999998
5545184.5785,7421877.3876,181.9396436952
5545184.9031,7421876.3893,181.9152563048
5545185.2914,7421875.4456,181.9551923048
5545185.7396,7421874.3774,181.7316153904
5545186.2439,7421873.3922,181.247536
5545186.9621,7421872.4868,180.4454716952
5545187.7329,7421872.0598,179.4788950856
5545188.604,7421871.716,178.36483599999997
5545189.4455,7421871.4944,177.49656720000002
5545190.2903,7421871.5578,177.3318721144
5545191.0352,7421871.7781,177.3076518096
5545191.7831,7421872.2291,177.5929004192
5545192.3063,7421872.8436,177.8308769144
5545192.9388,7421873.539,177.8472667808
5545193.4277,7421874.3864,177.66761089519997
5545193.9795,7421875.2892,177.7259158096
5545194.5434,7421876.2384,177.9443563048
5545195.1185,7421877.2048,179.008464
5545195.6323,7421878.2138,180.8021307808
5545196.0887,7421879.2492,182.58640000000003
5545196.4393,7421880.2712,182.6087
5545196.7451,7421881.301,182.5987
5545196.8873,7421882.3142,182.58740400000002
5545197.0098,7421883.3354,182.5632206096
5545196.9802,7421884.3691,182.4847756952
5545196.9936,7421885.3994,182.39368339039999
5545196.8792,7421886.4212,182.3197833904
5545196.7207,7421887.486,182.2361793904
5545196.5386,7421888.519,182.1247116952
5545196.3928,7421889.5984,181.9881923048
5545196.1852,7421890.6385,181.7894756952
5545196.005,7421891.721,181.52050000000003
5545195.7582,7421892.7817,181.275868
5545195.5126,7421893.8176,180.74405908560001
5545195.2765,7421894.8604,179.7796950856
5545195.126,7421895.9363,178.5410126096
5545195.0239,7421896.952,178.0472846096
5545195.0139,7421898.0082,177.5608158096
5545195.0144,7421899.0272,177.2384364192
5545195.0284,7421900.0373,176.903956724
5545195.1195,7421901.0708,176.7697875048
5545195.2268,7421902.0558,176.81520319999998
5545195.3928,7421903.0174,176.9526748952
5545195.6485,7421903.9507,177.1117004192
5545195.8963,7421904.8923,177.5997955048
5545196.1004,7421905.8144,177.67649550480002
5545196.3622,7421906.8089,177.51784659039998
5545196.5919,7421907.8296,177.3813388952
5545196.7073,7421908.8215,177.15567980959997
5545196.6603,7421909.8573,176.8802518096
5545196.5155,7421910.845,176.493820724
5545196.2576,7421911.8668,176.1739672
5545195.8907,7421912.8211,175.7327158096
5545195.4195,7421913.8059,175.1505955048
5545194.9199,7421914.7593,174.7542158096
5545194.4648,7421915.7921,174.2836486096
5545193.8723,7421916.7489,173.9462741336
5545193.413,7421917.811,173.45409721919998
5545192.9048,7421918.8578,173.2881126096
5545192.4666,7421919.9666,173.0934741336
5545192.09,7421921.0382,173.0053381336
5545191.7865,7421922.1558,172.7582
5545191.5475,7421923.2681,172.5832206096
5545191.3541,7421924.368,172.64132830480003
5545191.4131,7421925.5051,172.6827332192
5545191.4714,7421926.6664,172.69694582879998
5545191.5847,7421927.8357,172.71492830480003
5545191.7591,7421929.0111,172.7574923048
5545191.8123,7421930.2117,172.8529972192
5545191.9328,7421931.4204,172.82964582879998
5545191.9556,7421932.5932,172.88786921919998
5545191.9589,7421933.8,172.8939049144
5545191.9827,7421934.9718,172.91434582879998
5545191.9485,7421936.1234,172.8867741336
5545191.9634,7421937.298,173.119261524
5545191.9077,7421938.4326,173.2901486096
5545191.908,7421939.5847,173.2288283048
5545191.8696,7421940.7154,173.195464
5545191.8428,7421941.8528,173.2187563048
5545191.8694,7421942.9776,173.2897563048
5545191.8351,7421944.0663,173.4599049144
5545191.9884,7421945.1349,173.5634458288
5545192.214,7421946.0985,173.75437413359998
5545192.3457,7421947.1626,174.0381409144
5545192.4839,7421948.1919,174.03874582880002
5545192.5511,7421949.3404,174.134464
5545192.7692,7421950.5238,174.2313741336
5545192.8989,7421951.6569,174.5315923048
5545193.0399,7421952.8604,174.71945630480002
5545193.1467,7421954.0236,174.7097206096
5545193.273,7421955.1944,174.9292955048
5545193.3923,7421956.3794,175.20955672399998
5545193.4641,7421957.5606,175.45874659039998
5545193.6023,7421958.7418,175.7030312
5545193.6735,7421959.8856,176.00109272400002
5545193.8492,7421961.0656,176.1922081144
5545193.9679,7421962.1479,176.3581108952
5545194.2408,7421963.3635,176.47247211440003
5545194.5218,7421964.5368,176.6564595048
5545194.7411,7421965.7894,177.0716388952
5545194.9901,7421967.0407,177.52608502880003
5545195.0946,7421968.2835,177.84107169520001
5545195.1497,7421969.5404,177.77165630480002
5545195.09,7421970.7273,177.9425126096
5545195.0046,7421971.9506,178.3307409144
5545194.8566,7421973.1067,179.1665513904
5545194.5401,7421974.2766,179.2306923048
5545194.1236,7421975.352,179.6195923048
5545193.5235,7421976.4197,179.4532409144
5545192.8807,7421977.476,179.14460491440002
5545192.2503,7421978.5399,179.4946307808
5545191.6399,7421979.6,180.2569793904
5545191.0248,7421980.6738,180.7620923048
5545190.4719,7421981.7771,180.8181153904
5545189.9292,7421982.8671,193.78966400000002
5545189.4927,7421984.0075,194.1992396952
5545189.0489,7421985.1125,194.3658923048
5545188.754,7421986.2625,194.4801123048
5545188.4778,7421987.3821,194.6091876952
5545188.3545,7421988.4838,194.6875876952
5545188.2491,7421989.5467,194.707896
5545188.4152,7421990.628,194.7750443048
5545188.6023,7421991.7297,194.81622
5545188.7868,7421992.8906,194.87828000000002
5545189.0212,7421994.1242,194.93533200000002
5545189.1235,7421995.326,195.04021999999998
5545189.184,7421996.5793,195.14689600000003
5545188.9139,7421997.6848,195.26797630480002
5545188.5346,7421998.8005,195.3720556952
5545187.9714,7421999.7691,195.475084
5545187.3079,7422000.7471,195.573816
5545186.5918,7422001.6369,195.6741083048
5545185.8445,7422002.5289,195.798932
5545185.0364,7422003.435,195.83919600000002
5545184.2087,7422004.274,195.962832
5545183.4065,7422005.1912,196.034432
5545182.6028,7422006.0509,196.126736
5545181.8909,7422007.003,196.19009599999998
5545181.1703,7422007.8988,196.2648796952
5545180.5239,7422008.813,196.3348716952
5545179.8557,7422009.6944,196.391684
5545179.2147,7422010.585,196.66171569520003
5545178.5463,7422011.4641,196.795568
5545177.8296,7422012.3364,196.902252
5545177.2194,7422013.2633,197.0022396952
5545176.559,7422014.1627,197.112868
5545176.0034,7422015.1548,197.196408
5545175.4514,7422016.1322,197.30893600000002
5545174.9555,7422017.202,197.3802796952
5545174.5925,7422018.2713,197.448936
5545174.2792,7422019.3726,197.546244
5545174.1726,7422020.5356,197.5828636952
5545173.9371,7422021.6767,197.6679716952
5545173.758,7422022.8239,197.6638556952
5545173.5222,7422023.9541,197.582152
5545173.2582,7422025.0443,197.543784
5545173.0098,7422026.1541,197.411776
5545172.7266,7422027.2255,196.522312
5545172.4598,7422028.3591,195.6894
5545172.1654,7422029.4711,194.57188000000002
5545171.8499,7422030.5792,193.60646400000002
5545171.5155,7422031.7212,193.48169230480002
5545171.1258,7422032.7919,186.3152513904
5545170.6972,7422033.925,185.3436396952
5545170.1978,7422034.9626,184.1936526096
5545169.6126,7422036.0468,181.72965139040002
5545168.9859,7422037.0414,179.36794860959998
5545168.3414,7422038.0501,178.8392076952
5545167.4888,7422038.7839,178.6282563048
5545166.5656,7422039.4353,178.58494860960002
5545165.6095,7422040.0753,178.17235630480002
5545164.5238,7422040.5141,178.3016769144
5545163.422,7422041.0343,178.91977169519998
5545162.3141,7422041.4981,178.9458436952
5545161.1909,7422042.0275,179.9316950856
5545160.1275,7422042.5322,180.6936950856
5545159.0516,7422043.181,180.2979158096
5545158.0296,7422043.7455,180.00731580960002
5545157.1221,7422044.4158,179.95245630480002
5545156.2246,7422044.9924,180.03097169519998
5545155.3428,7422045.6852,180.2052563048
5545154.4994,7422046.2849,180.31935139040002
5545153.6523,7422046.9679,180.19038460960002
5545152.8224,7422047.5668,180.0311153904
5545151.8779,7422048.0621,179.9268076952
5545150.9585,7422048.4765,179.925120724
5545150.0233,7422048.8867,179.9336436952
5545149.0914,7422049.2296,179.6056590856
5545148.1899,7422049.5901,179.51097691440003
5545147.2774,7422049.9449,179.41122552400003
5545146.3838,7422050.2389,187.716
5545145.539,7422050.6029,187.3724756952
5545144.7742,7422051.0147,186.989696
5545143.9725,7422051.4015,186.98307169519998
5545143.1768,7422051.6193,186.9950243048
5545142.3525,7422051.8839,187.072064
5545141.5442,7422052.0883,187.5303756952
5545140.699,7422052.3256,187.8339243048
5545139.8291,7422052.5211,188.22560769519998
5545139.0639,7422052.4159,189.0422603048
5545138.2314,7422052.2972,189.59439600000002
5545137.4557,7422052.0833,190.198104
5545136.6078,7422051.9244,190.81779600000002
5545135.793,7422051.6954,191.71869230480002
5545135.0444,7422051.3807,192.284152
5545134.3488,7422051.049,193.1837
5545133.6652,7422050.7448,193.621464
5545133.0702,7422050.3132,194.2776923048
5545132.515,7422049.8112,194.8966443048
5545132.0362,7422049.3177,195.49067630480002
5545131.5495,7422048.9976,195.93278800000002
5545131.0009,7422048.6936,196.4335716952
5545130.6235,7422048.5425,196.7517636952
5545130.3187,7422048.3452,197.2127
5545130.0296,7422048.1869,196.96750400000002
5545129.7981,7422048.0037,198.538616
5545129.6816,7422047.9861,197.16821199999998
5545129.949,7422048.3908,196.28617599999998
5545130.3585,7422048.7528,195.970876
5545130.6179,7422048.9017,195.380248
5545131.1251,7422049.0028,194.6953396952
5545131.7155,7422049.1584,194.3175236952
5545132.2154,7422049.2875,193.82292369520002
5545132.8999,7422049.182,193.4102716952
5545133.5447,7422048.9064,193.2851443048
5545133.949,7422048.6643,193.167716
5545134.1477,7422048.5445,192.9662763048
5545134.6192,7422048.2751,193.13669599999997
5545134.794,7422048.2138,193.0833083048
5545134.946,7422048.1785,193.0483083048
5545134.9683,7422047.9635,197.2347876952
5545134.7403,7422048.0116,197.133676
5545134.5366,7422047.8581,197.134376
5545134.3552,7422047.7677,194.06293599999998
5545134.2098,7422047.8402,194.056304
5545134.1657,7422047.8726,194.02388000000002
5545134.201,7422047.856,194.02188
5545134.133,7422047.8575,193.96083600000003
5545134.1162,7422047.863,194.1951923048
5545134.0842,7422047.905,194.20368000000002
5545134.0183,7422047.9239,194.1958556952
5545134.0308,7422047.903,194.27332
5545134.0364,7422047.9139,194.2707763048
5545134.0253,7422047.9086,194.2644396952
5545133.9946,7422047.8995,194.34611999999998
5545134.0213,7422047.9212,194.47663599999998
5545133.9625,7422047.9006,194.2884716952
5545133.9738,7422047.8903,194.37473599999998
5545133.9725,7422047.9146,194.4539396952
5545134.0325,7422047.8825,194.477548
5545133.9973,7422047.8881,194.483316
5545134.0351,7422047.8214,194.5756556952
5545134.095,7422047.7923,194.72996799999999
5545134.0747,7422047.808,197.59450400000003
5545134.1089,7422047.8238,197.61490400000002
5545134.1893,7422047.7946,199.264228
5545134.2536,7422047.761,199.263528
5545134.2242,7422047.8188,198.589136
5545134.166,7422047.8554,194.299816
5545134.0978,7422047.8802,194.8488206096
5545133.9693,7422047.9559,194.6932283048
5545133.895,7422047.9518,194.7244283048
5545133.9438,7422047.9117,194.7338283048
5545133.9019,7422047.9474,194.7526283048
5545133.6897,7422048.046,195.1292
5545133.3942,7422048.1554,194.9638603048
5545133.1769,7422048.0187,194.792632
5545133.1648,7422048.0052,194.9997556952
5545133.1005,7422048.0057,194.898432
5545133.0285,7422048.0265,194.9487556952
5545132.9949,7422048.0244,195.3925716952
5545132.9172,7422048.0383,194.879364
5545132.7966,7422048.0655,194.925996
5545132.6666,7422048.1031,194.89308
5545132.587,7422048.1149,195.1224923048
5545132.5656,7422048.1071,195.15308000000002
5545132.4917,7422048.1236,195.076384
5545132.3866,7422048.1429,195.0231236952
5545132.2959,7422048.1472,195.204016
5545132.2268,7422048.1738,195.0311763048
5545132.1102,7422048.1955,194.97092369519999
5545131.9913,7422048.2054,195.108096
5545131.9253,7422048.1962,194.9306716952
5545131.8019,7422048.2091,195.00258399999998
5545131.7286,7422048.2292,195.0886763048
5545131.6358,7422048.2501,195.0562923048
5545131.496,7422048.2643,195.0736923048
5545133.2118,7422052.5274,189.7344876952
5545133.1402,7422052.6949,189.4693
5545133.9948,7422049.9285,188.3322123048
5545133.9959,7422050.0059,188.1345876952
5545133.9604,7422050.0939,187.92002000000002
5545134.9773,7422049.719,189.57916799999998
5545133.6517,7422049.3404,192.12420830480002
5545133.6116,7422049.3878,191.88595569519998
5545133.5687,7422049.4491,191.8110876952
5545133.5239,7422049.5099,191.80408
5545133.4848,7422049.5748,191.72441230479998
5545133.4398,7422049.6437,191.4353283048
5545134.1721,7422047.918,194.348016
5545134.2438,7422047.5474,194.843632
5545134.2336,7422047.5088,194.925432
5545134.3054,7422047.8781,194.294368
5545134.3044,7422047.8672,194.1336283048
5545134.316,7422047.8981,194.2589123048
5545134.3062,7422047.8863,194.1618
5545134.3102,7422047.8836,194.0667603048
5545134.3304,7422047.884,194.011504
5545134.3137,7422047.8647,194.1238923048
5545134.3126,7422047.8633,194.175464
5545134.3156,7422047.8575,194.18831600000001
5545134.3437,7422047.8634,194.066516
5545134.3184,7422047.8778,194.1812923048
5545134.3209,7422047.8577,193.965496
5545134.4201,7422047.8333,194.1473283048
5545134.403,7422047.8589,194.073264
5545134.3829,7422047.8777,193.972368
5545134.3734,7422047.8642,193.96529600000002
5545134.2647,7422047.8502,194.133668
5545134.2866,7422047.8558,194.085348
5545134.3375,7422047.8409,194.03268
5545134.2415,7422047.842,194.18359600000002
5545134.3956,7422047.8289,194.069168
5545134.4692,7422047.8457,194.006184
5545134.4071,7422047.8384,194.06851999999998
5545134.4083,7422047.8214,194.16345199999998
5545134.4159,7422047.8115,194.194796
5545134.3807,7422047.7894,194.2112603048
5545134.4449,7422047.7718,194.0955876952
5545134.3582,7422047.7787,194.0484876952
5545134.3601,7422047.777,194.09302369520003
5545134.3909,7422047.761,194.091784
5545134.3923,7422047.755,194.1235283048
5545134.3929,7422047.7906,193.985852
5545134.3321,7422047.806,193.9794603048
5545134.303,7422047.8005,193.9412603048
5545134.3857,7422047.7514,194.0147763048
5545134.3254,7422047.7572,194.08558399999998
5545134.3092,7422047.7745,194.04518000000002
5545134.3123,7422047.7628,194.0602123048
5545134.3102,7422047.762,194.05292369519998
5545134.3368,7422047.7679,193.9794236952
5545134.3293,7422047.755,194.02362
5545134.3372,7422047.7548,194.0694876952
5545134.2835,7422047.7935,193.9689603048
5545134.2813,7422047.7936,193.9092716952
5545134.2501,7422047.7999,193.796868
5545134.2584,7422047.7925,193.962804
5545134.2727,7422047.8042,193.8454603048
5545134.3075,7422047.7708,193.8651123048
5545134.3664,7422047.7708,193.7435716952
5545134.3652,7422047.7788,193.648284
5545134.3381,7422047.7843,193.6496283048
5545134.2264,7422047.9594,193.455552
5545133.9186,7422048.5293,193.148516
5545133.7482,7422049.0129,193.0168603048
5545133.5874,7422049.4749,193.027416
5545133.3893,7422049.8366,193.0228716952
5545133.1072,7422050.1056,193.159868
5545132.8535,7422050.4389,193.0839123048
5545132.5738,7422050.8114,193.11847230479998
5545132.3252,7422051.1419,193.0320443048
5545132.0661,7422051.4533,193.2502763048
5545131.8359,7422051.7916,193.4143923048
5545131.617,7422052.16,193.271064
5545131.4514,7422052.3858,193.418348
5545131.297,7422052.6207,193.296068
5545131.1575,7422052.8827,193.4522283048
5545130.9989,7422053.1123,193.3965206096
5545130.8616,7422053.4126,193.512836
5545130.742,7422053.6712,193.5932243048
5545130.6269,7422053.9154,193.634548
5545130.5121,7422054.1317,193.613568
5545130.7392,7422054.5763,192.6899443048
5545130.5374,7422054.597,193.002716
5545130.4584,7422054.8014,189.2317486096
5545130.4518,7422055.1287,189.22700769519997
5545130.4012,7422055.4954,189.515896
5545130.287,7422055.8488,189.4775396952
5545130.0289,7422056.3301,190.050568
5545129.6961,7422056.7631,190.267564
5545129.355,7422057.0894,190.715236
5545128.9207,7422057.3228,191.1699123048
5545128.5089,7422057.4182,191.82909600000002
5545128.1566,7422057.3522,192.578532
5545127.9094,7422057.1605,193.155884
5545127.7928,7422056.9595,193.321196
5545127.8928,7422056.9407,193.2458243048
5545128.1339,7422057.0748,193.090764
5545128.4612,7422057.3738,192.6481206096
5545128.8537,7422057.7447,192.3559603048
5545129.3068,7422058.0569,191.92127630480002
5545129.8244,7422058.4885,191.596968
5545130.3824,7422058.7998,190.9244076952
5545131.0185,7422059.101,190.36185630480003
5545131.6617,7422059.3976,189.859132
5545132.3412,7422059.5928,189.348164
5545133.1247,7422059.7778,188.4576846096
5545133.8864,7422059.7827,188.29000769520002
5545134.6985,7422059.5969,188.09570769520002
5545135.4607,7422059.2695,188.1291126096
5545136.2802,7422058.7962,188.0654486096
5545136.7788,7422057.8101,187.7396603048
5545137.8719,7422057.8137,186.8545206096
5545138.6672,7422056.8976,187.09360769519998
5545139.6297,7422056.2886,187.1007716952
5545140.4085,7422055.5854,187.3511206096
5545141.1575,7422054.8992,187.3193
5545141.8675,7422054.234,187.2012283048
5545142.4523,7422053.6522,187.21151660959998
5545142.7424,7422053.2698,187.669332
5545142.873,7422052.9958,188.4656806096
5545142.8463,7422052.6378,188.3434526096
5545142.7149,7422052.2103,189.136236
5545142.5348,7422051.7046,189.9243756952
5545142.3837,7422051.0613,190.57030400000002
5545142.3642,7422050.4081,191.21487630480001
5545142.4419,7422049.8284,191.3622283048
5545142.7832,7422049.4103,191.306716
5545143.1336,7422048.9999,191.255796
5545143.6894,7422048.8281,190.9401043048
5545144.2715,7422048.6764,190.73079230480002
5545144.9471,7422048.5204,190.0989126096
5545145.7085,7422048.4071,189.72310399999998
5545146.4484,7422048.2415,189.38453600000003
5545147.3272,7422048.252,188.89839600000002
5545148.1134,7422048.1006,188.4234076952
5545148.9172,7422047.9561,188.0670846096
5545149.7253,7422047.7601,187.922732
5545150.3539,7422047.3418,188.0584436952
5545150.9051,7422046.65,188.2599486096
5545151.6261,7422046.1191,188.1059883048
5545152.3217,7422045.6868,187.6266603048
5545153.1834,7422045.1392,187.5893
5545153.9146,7422044.4316,187.36073969519998
5545154.7655,7422043.8148,187.5993
5545155.4894,7422042.97,187.4746526096
5545156.3518,7422042.3298,187.885036
5545157.2183,7422041.5432,187.8917126096
5545158.0977,7422040.95,187.8079166096
5545159.0315,7422040.2948,187.5503436952
5545159.8742,7422039.6852,187.04118830480002
5545160.864,7422039.1484,186.84061260960002
5545161.7327,7422038.5363,187.12565630479997
5545162.7675,7422037.9241,186.3248436952
5545163.6706,7422037.2557,186.25226800000002
5545164.55,7422036.3602,186.5652806096
5545165.2409,7422035.4653,186.73573599999997
5545165.9343,7422034.642,186.3373243048
5545166.6904,7422033.7636,185.7253153904
5545167.3392,7422032.9085,185.6386582856
5545167.9185,7422031.9373,197.55670400000002
5545168.3604,7422030.9245,197.7523876952
5545168.8219,7422029.898,197.800208
5545169.1225,7422028.7955,197.8224396952
5545169.5068,7422027.7155,197.85018399999998
5545169.7888,7422026.7095,197.820592
5545170.1791,7422025.654,197.92237599999999
5545170.4484,7422024.5799,197.896592
5545170.8338,7422023.5208,197.76907599999998
5545171.2714,7422022.5161,197.73
5545171.7414,7422021.4423,197.6539316952
5545172.1857,7422020.4302,197.57932800000003
5545172.6094,7422019.4702,197.562992
5545172.8808,7422018.4839,197.46480400000002
5545173.0248,7422017.5215,197.414244
5545173.0064,7422016.5235,197.298452
5545173.0503,7422015.6511,197.0738796952
5545173.1417,7422014.5099,196.967568
5545173.2224,7422013.4911,196.8600636952
5545173.3825,7422012.4966,196.824004
5545173.5374,7422011.5622,196.771304
5545173.5737,7422010.6134,196.66623600000003
5545173.695,7422009.5664,196.6469236952
5545173.7187,7422008.5462,196.630296
5545173.7234,7422007.4308,196.62697599999998
5545173.5053,7422006.3656,196.64073969519998
5545173.3682,7422005.2029,196.53492
5545173.1197,7422004.1121,196.545044
5545172.7245,7422002.9682,196.413284
5545172.3102,7422001.8639,196.42976
5545171.8967,7422000.7806,196.313716
5545171.4729,7421999.7782,196.276368
5545171.3389,7421999.4895,195.338572
5545170.7732,7421998.3077,195.910524
5545170.2801,7421997.5063,195.836264
5545169.7744,7421996.7993,195.5661876952
5545169.1848,7421996.1669,195.420116
5545168.5921,7421995.6444,195.20750399999997
5545167.9914,7421995.1696,195.08737630480002
5545167.2984,7421994.8478,195.1014083048
5545166.6008,7421994.5568,195.1415236952
5545165.7148,7421994.4698,195.2362923048
5545164.7443,7421994.4049,195.337804
5545163.6779,7421994.2808,195.328104
5545162.5813,7421993.9535,195.357416
5545161.61,7421993.4876,195.1956123048
5545160.6814,7421992.8812,194.861316
5545159.8919,7421992.1686,194.3851123048
5545159.1827,7421991.3177,194.018832
5545158.5246,7421990.3936,193.4148716952
5545157.8771,7421989.4829,192.8350763048
5545157.3369,7421988.5218,192.619548
5545156.8438,7421987.5981,191.44899999999998
5545156.2984,7421986.6138,190.9665403048
5545155.7935,7421985.6206,190.2188126096
5545155.3669,7421983.9708,190.1895283048
5545155.1009,7421983.2694,189.5003436952
5545154.3761,7421982.7489,189.17727569520002
5545153.518,7421981.7913,188.6262563048
5545152.4682,7421981.0988,186.18602430480001
5545151.2868,7421980.4483,185.8489603048
5545150.1336,7421979.7503,185.835104
5545148.8548,7421979.1773,185.7358716952
5545147.533,7421978.6986,185.9880756952
5545146.2464,7421978.0786,185.8378436952
5545144.9386,7421977.5874,186.89740400000002
5545143.6771,7421976.9619,188.5931526096
5545142.4709,7421976.3323,188.5523436952
5545141.2269,7421975.6739,188.189532
5545140.0531,7421975.0516,188.4896486096
5545138.8356,7421974.3545,188.4133486096
5545137.6507,7421973.7966,186.6478126096
5545136.4716,7421973.0955,185.723132
5545135.1999,7421972.6996,186.0053923048
5545133.9078,7421972.2129,188.3159206096
5545132.6215,7421971.8082,189.3482603048
5545131.2674,7421971.4272,189.70165200000002
5545129.9641,7421971.0911,190.3469443048
5545128.6083,7421970.6576,190.7227763048
5545127.2601,7421970.3919,190.8988083048
5545125.9426,7421969.9053,191.3495556952
5545124.5854,7421969.5802,191.53181999999998
5545123.2677,7421969.1036,192.3381716952
5545121.9436,7421968.6444,192.69343600000002
5545120.6182,7421968.112,192.7419763048
5545119.3385,7421967.5896,192.5561396952
5545118.1311,7421966.8971,192.37328000000002
5545116.946,7421966.2426,192.150716
5545115.8485,7421965.502,192.012932
5545114.7316,7421964.7552,191.97888
5545113.7127,7421963.9958,191.92069600000002
5545112.7087,7421963.1391,191.7578236952
5545111.7225,7421962.3741,191.444948
5545110.8543,7421961.4392,191.1937283048
5545111.1099,7421959.4402,191.88813969519998
5545110.2823,7421958.438,191.706904
5545109.4101,7421957.5177,191.47032000000002
5545108.5474,7421956.5383,191.1978396952
5545107.6778,7421955.6117,190.908236
5545106.7687,7421954.7072,190.6632876952
5545105.7909,7421953.8475,190.5610123048
5545104.7544,7421953.0942,190.69258000000002
5545103.5763,7421952.425,190.43969230480002
5545102.4413,7421951.7791,190.49841230479998
5545101.2113,7421951.1419,190.43789999999998
5545099.981,7421950.6952,190.2537763048
5545098.7636,7421950.0695,190.016836
5545097.5951,7421949.5857,189.573784
5545096.4291,7421948.9466,189.1304123048
5545095.2696,7421948.4273,188.54721230479998
5545094.0864,7421947.8689,187.9738756952
5545092.9065,7421947.4364,187.14079999999998
5545091.6212,7421947.1323,186.4099603048
5545090.386,7421946.8588,185.70543600000002
5545089.0777,7421946.6729,185.0548
5545087.8248,7421946.6112,184.3117436952
5545086.4983,7421946.438,183.5134716952
5545085.2122,7421946.3574,182.78424860959998
5545083.9315,7421946.1768,182.15580400000002
5545082.6176,7421946.0692,181.450064
5545081.3643,7421945.907,180.9905206096
5545080.0292,7421945.7513,181.33884739040002
5545078.7462,7421945.6755,181.423836
5545077.4376,7421945.5277,181.555404
5545076.1532,7421945.5313,181.5835756952
5545074.8811,7421945.3799,182.0078126096
5545073.6032,7421945.399,181.9235126096
5545072.3262,7421945.3613,181.6892716952
5545071.0704,7421945.2961,181.295232
5545069.7066,7421945.3927,180.771064
5545068.3697,7421945.4463,179.9247793904
5545066.9548,7421945.4674,179.09642830479999
5545065.5769,7421945.3412,176.6399518096
5545064.2613,7421945.0972,175.28048182880002
5545063.0283,7421944.5952,172.62228502879998
5545061.8642,7421944.1037,171.0484049144
5545060.8946,7421943.3104,171.2012049144
5545059.8804,7421942.6166,170.82799721920003
5545059.0877,7421941.6903,170.5571692192
5545049.5229,7421931.0977,168.19869721920003
5545048.4225,7421930.3045,168.27626400000003
5545047.163,7421929.7808,168.29679721920002
5545046.0042,7421929.0653,168.1193126096
5545044.7714,7421928.4943,168.0895381336
5545043.6185,7421927.7582,168.099564
5545042.4899,7421927.0825,168.1061206096
5545041.3618,7421926.3619,167.9885818288
5545040.2886,7421925.6463,167.9134972192
5545039.0426,7421925.0499,167.876161524
5545037.8508,7421924.4473,167.9059972192
5545036.6204,7421923.8054,167.90144091439998
5545035.3645,7421923.2847,167.88729999999998
5545034.1274,7421922.6017,167.8867563048
5545032.8433,7421922.0741,167.8697206096
5545031.6085,7421921.4281,167.791461524
5545030.3202,7421920.9625,167.82729230479998
5545029.0482,7421920.5714,167.8389206096
5545027.7884,7421920.2832,167.91084091439998
5545026.4657,7421920.0004,167.9318101336
5545025.229,7421919.7815,167.9314178288
5545023.885,7421919.554,167.86724582879998
5545022.6616,7421919.5711,167.88388952399998
5545021.4304,7421919.6081,167.95001260959998
5545020.2794,7421919.8649,167.9918178288
5545019.1485,7421920.1163,168.0414332192
5545018.0437,7421920.4582,168.19874582879999
5545016.8805,7421920.9303,168.58867691440003
5545015.7196,7421921.3352,169.4274381336
5545014.4934,7421921.7034,170.7218332192
5545013.2877,7421921.9763,170.9944486096
5545012.1251,7421922.0503,172.0280769144
5545010.931,7421921.962,172.28268502880002
5545009.9202,7421921.6893,171.2498409144
5545008.9705,7421921.3154,170.6684178288
5545008.1906,7421920.7705,170.5121818288
5545007.3654,7421920.2129,170.5246741336
5545006.6732,7421919.5358,179.0149
5545006.0454,7421918.8106,178.83679428559998
5545005.4979,7421917.9326,178.5744923048
5545004.8825,7421917.1141,177.68487691439998
5545004.3013,7421916.1344,176.1505283048
5545003.6052,7421915.2512,173.61430000000001
5545002.9054,7421914.2229,171.6271563048
5545002.0941,7421913.3825,171.2362126096
5545001.3107,7421912.6208,170.92162060959998
5545000.4593,7421912.0036,170.6480972192
5544999.6227,7421911.4693,170.7006692192
5544998.7586,7421911.1459,170.51534582879998
5544997.8735,7421911.0071,171.0126101336
5544996.989,7421910.8807,172.0027206096
5544996.0535,7421910.9265,172.1985158096
5544995.1007,7421910.988,172.3116388952
5544994.0731,7421911.0212,173.0024441144
5544992.9678,7421911.0589,173.34045950479998
5544991.8905,7421910.9961,173.01327980960002
5544990.7958,7421910.846,172.92543641920003
5544989.7127,7421910.5986,173.3970364192
5544988.6759,7421910.2138,175.3113798096
5544987.7146,7421909.7286,175.9752153904
5544986.907,7421909.1625,176.7240307808
5544986.2403,7421908.5114,176.9859563048
5544985.7496,7421907.9011,176.4877436952
5544985.4242,7421907.3138,175.6107667808
5544985.1654,7421906.7658,175.0472081144
5544985.1423,7421906.3821,175.1811672
5544985.1736,7421906.0222,174.9097465904
5544985.2545,7421905.5887,174.3369748952
5544985.4834,7421905.1241,174.0024004192
5544985.6981,7421904.5538,173.82915672399997
5544986.1181,7421903.9518,173.44020811439998
5544986.5212,7421903.3437,172.7360748952
5544990.5377,7421898.3737,170.184625524
5544991.3977,7421897.4912,169.8306049144
5544992.2863,7421896.5753,169.69125352400002
5544993.1887,7421895.6223,169.37024860960003
5544994.1725,7421894.7499,169.0385818288
5544995.1312,7421893.8539,168.6990409144
5544996.1686,7421893.0558,168.679353524
5544997.206,7421892.2639,169.06015352400001
5544998.3433,7421891.5657,169.4143206096
5544999.4237,7421890.9132,169.512264
5545004.1505,7421887.0219,173.0994818288
5545004.8011,7421886.8549,172.8898381336
5545005.8726,7421886.1222,172.6505332192
5545007.0286,7421885.4283,172.452261524
5545008.0937,7421884.5583,172.328225524
5545009.1865,7421883.7872,172.2727126096
5545010.2948,7421882.9903,172.1941206096
5545011.4095,7421882.1823,172.20011013360002
5545012.7209,7421881.9151,171.4326563048
5545013.8879,7421881.1444,171.2473178288
5545015.1286,7421880.5187,171.1797846096
5545016.3648,7421879.8624,171.0196283048
5545017.6555,7421879.3263,170.7366
5545018.9149,7421878.801,170.7263178288
5545020.3049,7421878.3938,170.36844582880002
5545021.5652,7421877.9887,170.2562283048
5545022.9721,7421877.79,170.2723206096
5545024.2605,7421877.5184,170.33249230479998
5545025.6759,7421877.4864,170.36656152400002
5545027.0027,7421877.2811,170.46247691439999
5545028.4035,7421877.3526,170.518161524
5545029.7688,7421877.2429,170.6123049144
5545031.123,7421877.3114,170.6671332192
5545032.5085,7421877.251,170.7417332192
5545033.8111,7421877.2054,170.862553524
5545035.1906,7421877.1511,170.9293101336
5545036.48,7421876.9721,171.02249721919998
5545037.7979,7421876.8815,171.1859
5545039.0625,7421876.6337,171.3210972192
5545040.296,7421876.4198,171.4064283048
5545041.5433,7421876.2151,171.51917413360002
5545042.7575,7421875.8551,171.57459999999998
5545043.9578,7421875.6258,171.8158692192
5545045.1376,7421875.3156,171.9788409144
5545046.3604,7421875.0784,172.05509999999998
5545047.548,7421874.8094,172.16734860960003
5545048.7213,7421874.5593,172.1750846096
5545049.9121,7421874.3204,172.210361524
5545050.9557,7421873.8677,172.4041101336
5545052.1043,7421873.4676,172.343664
5545053.135,7421872.8291,172.2759101336
5545054.2356,7421872.1576,172.296353524
5545055.3368,7421871.4426,172.3817178288
5545056.4548,7421870.6297,172.351664
5545057.4889,7421869.7084,172.33258460960002
5545058.5645,7421868.8536,172.211361524
5545059.5932,7421867.8515,172.109464
5545060.6578,7421866.9635,172.160553524
5545061.8683,7421866.1725,172.4040692192
5545063.078,7421865.4507,172.7071283048
5545064.3535,7421864.934,172.79262552400002
5545065.6415,7421864.3944,172.7847923048
5545066.9519,7421864.1348,172.71657691439998
5545068.2798,7421863.8507,172.52721013359997
5545069.6035,7421863.6972,172.0470923048
5545070.9308,7421863.5733,171.6089692192
5545072.2332,7421863.5678,171.21891013360002
5545073.5098,7421863.5891,171.12162830480003
5545074.8312,7421863.7946,170.9058049144
5545076.0615,7421863.96,170.7174563048
5545077.3245,7421864.3043,170.6227741336
5545078.5066,7421864.6705,170.597664
5545079.6286,7421865.103,170.7133818288
5545080.6363,7421865.5526,170.742664
5545081.5716,7421865.9683,170.6330486096
5545082.5534,7421866.4665,170.5612818288
5545083.4725,7421867.0162,170.7794049144
5545084.4228,7421867.6705,170.8774563048
5545085.37,7421868.2863,170.872053524
5545086.2855,7421869.0619,170.9099101336
5545087.1524,7421869.7615,170.9170972192
5545087.9628,7421870.6477,170.92759721919998
5545088.7627,7421871.4436,170.9331126096
5545089.5055,7421872.4233,170.892761524
5545090.2483,7421873.2949,170.9115923048
5545090.9008,7421874.3601,170.7752101336
5545091.6666,7421875.3076,170.7757049144
5545092.2289,7421876.41,170.8295818288
5545092.9345,7421877.4423,170.8131283048
5545093.5388,7421878.5341,170.90892830479999
5545094.2202,7421879.5962,171.1465769144
5545094.7768,7421880.757,171.2059818288
5545095.4359,7421881.8626,171.52992830480002
5545096.011,7421883.0504,171.805464
5545096.5747,7421884.1814,171.9150206096
5545097.153,7421885.3433,171.8658178288
5545097.6522,7421886.5434,171.776864
5545098.2456,7421887.7376,171.5043692192
5545098.7167,7421888.9276,171.356189524
5545099.2214,7421890.0925,171.1104563048
5545099.647,7421891.3177,170.8172972192
5545100.141,7421892.5125,170.3794818288
5545100.6819,7421893.7179,170.241189524
5545101.286,7421894.8709,170.17126152400002
5545102.0564,7421895.9326,170.1809101336
5545102.7881,7421896.9951,170.2153126096
5545103.754,7421897.9383,170.2526563048
5545104.7082,7421898.9092,170.23877413359997
5545105.7286,7421899.8284,170.1749049144
5545106.7576,7421900.7847,170.1264818288
5545107.7778,7421901.6892,170.15798182880002
5545108.8793,7421902.5722,170.1510692192
5545109.9235,7421903.3692,170.1863049144
5545111.0415,7421904.2158,170.2057486096
5545112.1219,7421904.9578,170.2320409144
5545113.1903,7421905.8173,170.1919972192
5545114.3096,7421906.498,170.18685630480002
5545115.3875,7421907.2442,170.1596178288
5545116.5028,7421907.9051,170.2077563048
5545117.5922,7421908.5549,170.2484332192
5545118.7141,7421909.1812,170.2617563048
5545119.8133,7421909.8085,170.3167741336
5545120.8893,7421910.455,170.3315
5545121.9968,7421911.0348,170.3035692192
5545123.0268,7421911.6481,170.334461524
5545124.153,7421912.2585,170.35000491440002
5545125.0847,7421913.0192,170.3817283048
5545125.9669,7421913.8427,170.4811178288
5545126.7148,7421914.7738,170.3895126096
5545127.5167,7421915.686,170.37869230479998
5545128.3065,7421916.6694,170.498889524
5545129.1509,7421917.6224,170.4743563048
5545129.9833,7421918.6908,170.71120000000002
5545130.8264,7421919.6627,171.5057409144
5545131.7357,7421920.6877,172.4546126096
5545132.7178,7421921.586,172.4848381336
5545133.7571,7421922.3963,172.42290000000003
5545134.8942,7421923.0852,172.3002692192
5545135.9874,7421923.7864,172.4866409144
5545137.1878,7421924.3845,172.459689524
5545138.2455,7421925.183,171.5839563048
5545139.3676,7421925.9558,171.91340491440002
5545140.2621,7421926.9242,172.33464582879998
5545141.2082,7421927.8675,172.72697413359998
5545141.9382,7421928.9252,172.8032409144
5545142.7043,7421929.9227,173.3335972192
5545143.4334,7421931.0349,173.6584769144
5545144.161,7421932.0874,174.38786152400002
5545144.9905,7421933.1462,174.563064
5545145.7534,7421934.1275,174.80954860960003
5545146.6213,7421935.0693,175.121128724
5545147.4403,7421935.9439,175.6310518096
5545148.3622,7421936.8314,175.850028724
5545149.2716,7421937.5846,175.7151748952
5545150.1757,7421938.288,175.4204441144
5545151.1685,7421938.9392,175.30650319999998
5545152.1034,7421939.5858,175.15654659039998
5545153.0763,7421940.2178,174.97683641920003
5545153.9161,7421941.0232,174.590853524
5545154.7693,7421941.8387,174.6590458288
5545155.4515,7421942.7851,174.57315352400002
5545156.19,7421943.6656,174.9082108952
5545156.9165,7421944.6575,174.348364
5545157.6874,7421945.5929,175.0197875048
5545158.4707,7421946.5825,174.74223641920003
5545159.2041,7421947.5902,174.8250563048
5545160.0604,7421948.6015,174.9516672
5545160.7653,7421949.6443,175.04537211439998
5545161.5998,7421950.7021,175.0377798096
5545162.2475,7421951.7945,176.0119465904
5545163.0263,7421952.8816,176.5873081144
5545163.5629,7421954.0461,178.1191595048
5545164.1595,7421955.1454,178.51642308560002
5545164.604,7421956.331,178.7494283048
5545165.2017,7421957.4365,178.7476692192
5545165.7156,7421958.6397,184.19139919999998
5545166.3061,7421959.7241,184.1875473904
5545166.9152,7421960.8531,184.22438830480002
5545167.5402,7421961.8933,184.2286396952
5545168.2456,7421962.9281,184.16905260960002
5545168.9276,7421963.8395,184.37823969520002
5545169.7475,7421964.6804,184.6371486096
5545170.5002,7421965.4525,185.1453126096
5545171.3008,7421966.1889,185.484232
5545172.0549,7421966.8548,186.12488830479998
5545172.8491,7421967.5593,186.6777716952
5545173.644,7421968.2719,186.63653599999998
5545174.3787,7421969.0404,186.40850400000002
5545175.1126,7421969.8673,185.8881846096
5545175.7552,7421970.7484,185.19343600000002
5545176.3682,7421971.6674,184.50934369520002
5545176.8962,7421972.6127,181.736696
5545177.3279,7421973.6248,180.40640000000002
5545177.7105,7421974.6131,180.07976678079999
5545177.9514,7421975.7013,180.3810283048
5545178.1932,7421976.7955,180.6399
5545178.2929,7421977.9835,180.72670769520002
5545178.4015,7421979.0578,180.58375630479998
5545178.3435,7421980.2589,180.561789524
5545178.3939,7421981.4296,191.3454603048
5545178.2293,7421982.6527,191.283952
5545178.2758,7421983.8937,191.257852
5545178.1224,7421985.1472,191.1685283048
5545178.1114,7421986.4338,191.1324883048
5545177.9453,7421987.7171,191.33647630480002
5545177.8124,7421989.0051,191.53880430479998
5545177.596,7421990.3117,192.458564
5545177.3928,7421991.6272,193.18917630480001
5545177.1755,7421992.9704,193.596384
5545176.9661,7421994.2431,195.416248
5545176.8309,7421995.5787,195.521968
5545176.6025,7421996.8693,195.7067556952
5545176.5195,7421998.1893,195.831432
5545176.4109,7421999.5423,195.88197200000002
5545176.4722,7422000.8523,196.005748
5545176.7365,7422002.1159,196.031172
5545176.9537,7422003.3735,196.156308
5545177.3581,7422004.6223,196.248552
5545177.6708,7422005.8723,196.2822796952
5545177.9581,7422007.1714,196.35873600000002
5545178.197,7422008.4693,196.4047
5545178.3501,7422009.7828,196.57583599999998
5545178.2799,7422011.1195,196.7733876952
5545178.0281,7422012.333,196.8776556952
5545177.5613,7422013.5143,196.994436
5545176.9651,7422014.5433,197.170004
5545176.275,7422015.6315,197.278892
5545175.5095,7422016.6141,197.3358316952
5545174.7208,7422017.5861,197.47082
5545173.8965,7422018.5135,197.5361556952
5545173.141,7422019.5136,197.5831716952
5545172.3571,7422020.4351,197.67391569519998
5545171.5896,7422021.4274,197.766052
5545170.8244,7422022.4114,197.8790876952
5545170.0897,7422023.4579,197.9828876952
5545169.3299,7422024.4989,197.9695476952
5545168.6844,7422025.6412,198.1492
5545167.9999,7422026.7734,198.028268
5545167.6099,7422028.0201,198.0201156952
5545167.2789,7422029.2776,198.0223876952
5545166.9405,7422030.5686,197.9772876952
5545166.7461,7422031.9338,197.68683600000003
5545166.4647,7422033.269,196.90291200000001
5545166.2043,7422034.6157,196.916216
5545165.8909,7422035.938,191.11488
5545165.5302,7422037.2562,191.11398
5545165.1442,7422038.5661,191.06808
5545164.6872,7422039.7864,191.14958000000001
5545164.0709,7422040.9855,191.14888000000002
5545163.4983,7422042.1212,191.17678
5545162.7487,7422043.2086,191.19358
5545162.0184,7422044.2416,191.25138
5545161.1611,7422045.2343,191.27968
5545160.2761,7422046.1135,177.799961524
5545159.3861,7422047.044,178.3301972192
5545158.402,7422047.8149,179.3252692192
5545157.7326,7422048.8467,178.1889846096
5545156.6621,7422049.5095,177.85053599999998
5545155.6679,7422050.2713,177.625956724
5545154.6152,7422050.8964,177.86460769520002
5545153.5195,7422051.4536,177.9721436952
5545152.4355,7422052.0041,178.1725873904
5545151.3035,7422052.3875,178.395564
5545150.2105,7422052.7644,178.4436793904
5545149.1471,7422052.7865,178.5740436952
5545148.0811,7422052.8579,178.7630307808
5545147.0312,7422052.745,178.9233923048
5545146.0136,7422052.6825,178.9360950856
5545144.9881,7422052.6449,178.9328667808
5545143.9932,7422052.6038,187.12157939039997
5545143.0093,7422052.5885,187.21563600000002
5545142.0339,7422052.5583,187.2706883048
5545141.0348,7422052.5864,187.582764
5545140.1228,7422052.615,188.29283969520003
5545139.4161,7422052.6236,188.5035
5545138.9235,7422052.6076,188.5417563048
5545138.5119,7422052.5613,188.929596
5545137.8869,7422052.6307,189.0531166096
5545137.1779,7422052.6938,189.16768830479998
5545136.4442,7422052.7188,190.4025166096
5545135.7815,7422052.6736,190.9108806096
5545135.1993,7422052.4559,190.33417169519998
5545134.5466,7422052.1633,191.21855630480002
5545133.9739,7422051.8317,191.9784716952
5545133.429,7422051.4602,192.0597716952
5545132.9129,7422051.0765,192.1579716952
5545132.4532,7422050.7012,195.524416
5545132.0267,7422050.3346,195.9624
5545131.6584,7422049.9831,196.2565083048
5545131.3296,7422049.6325,196.9832083048
5545130.9073,7422049.1661,197.6057123048
5545130.5428,7422048.6558,198.1367876952
5545130.2536,7422048.1967,198.4753396952
5545129.93,7422047.9733,198.6772876952
5545129.722,7422047.9655,198.742108
5545129.5668,7422048.0652,198.78456
5545129.4623,7422048.2004,198.6472716952
5545129.5372,7422048.282,198.71924769519998
5545129.6207,7422048.1632,198.63514400000003
5545129.7472,7422048.1766,198.54778769520001
5545129.9325,7422048.2698,198.38648
5545130.1927,7422048.2083,198.0578396952
5545130.6569,7422048.1139,197.676168
5545131.2404,7422047.9754,197.2715396952
5545131.9252,7422047.836,196.896784
5545132.6223,7422047.6328,196.7581556952
5545133.2269,7422047.2296,196.81433600000003
5545133.6011,7422047.0398,196.89812430479998
5545133.6701,7422046.9571,197.0706243048
5545135.8668,7422049.8922,188.36467230480002
5545135.8387,7422049.9506,188.1263723048
5545135.8358,7422049.9915,188.1024123048
5545135.7918,7422050.1279,187.60348000000002
5545135.8296,7422050.1908,187.32818
5545135.9223,7422050.229,188.412436
5545135.9578,7422050.3361,190.60816
5545135.9359,7422050.4992,190.33375999999998
5545135.9236,7422050.6955,187.1773043048
5545135.9865,7422050.7395,186.8912043048
5545136.018,7422050.8224,186.5839043048
5545136.0602,7422050.9273,186.261416
5545136.0487,7422051.0189,184.9699603048
5545136.0552,7422051.1336,184.49740830480002
5545136.0215,7422051.2669,184.5118123048
5545136.0471,7422051.3692,184.298904
5545136.0907,7422051.4914,183.916068
5545136.1437,7422051.6494,183.7388556952
5545136.052,7422051.7496,183.5089236952
5545135.9683,7422051.9198,183.231452
5545135.9719,7422052.0163,182.9120876952
5545136.0343,7422052.1486,182.52283599999998
5545134.7794,7422048.7544,190.91633969519998
5545134.7148,7422048.8862,190.97100830480002
5545134.8327,7422048.794,191.1383
5545134.8582,7422048.7056,191.06850400000002
5545134.801,7422048.753,191.1921716952
5545134.8061,7422048.7249,191.151396
5545134.8397,7422048.7424,191.1912123048
5545134.9192,7422048.7398,191.20660400000003
5545135.0041,7422048.713,191.114016
5545135.0488,7422048.6705,194.3301
5545135.1145,7422048.6302,194.2877236952
5545135.1606,7422048.6479,194.367476
5545135.2067,7422048.6526,194.354584
5545135.2571,7422048.6499,194.34303599999998
5545135.0962,7422048.6926,194.2730796952
5545134.8979,7422048.7491,191.2883396952
5545134.7033,7422048.8577,191.414116
5545134.5068,7422048.9435,191.156332
5545134.553,7422048.8864,191.2171443048
5545134.7032,7422048.7827,191.0538923048
5545134.9571,7422048.679,191.010916
5545135.0148,7422048.6559,191.0037236952
5545134.9339,7422048.6921,191.222784
5545134.8568,7422048.7275,191.310384
5545134.889,7422048.7026,191.264464
5545135.0551,7422048.6681,190.98249230480002
5545134.9953,7422048.6777,191.06873969519998
5545135.0135,7422048.6672,190.7748876952
5545135.0292,7422048.6672,190.3815443048
5545135.0091,7422048.6674,190.78972430480002
5545135.0229,7422048.6634,190.5104603048
5545135.0168,7422048.6636,190.9983923048
5545135.0199,7422048.6435,191.0731
5545135.0214,7422048.6354,190.774852
5545135.0164,7422048.6353,190.7467603048
5545134.9792,7422048.6458,190.7639603048
5545134.9937,7422048.6203,190.7682603048
5545135.002,7422048.6116,190.7752603048
5545134.9666,7422048.6556,191.65928000000002
5545134.9726,7422048.6288,191.2507923048
5545134.9718,7422048.6353,191.16999230480002
5545134.9706,7422048.6592,191.3876043048
5545134.9709,7422048.6504,191.066568
5545134.908,7422048.672,190.788652
5545134.8597,7422048.6926,190.7725083048
5545134.8868,7422048.672,190.87519600000002
5545134.9107,7422048.6599,190.927164
5545134.938,7422048.6359,194.3108
5545134.8547,7422048.6614,194.145576
5545134.7502,7422048.651,194.3420876952
5545134.8128,7422048.6376,194.34623600000003
5545134.8617,7422048.624,194.2686396952
5545134.8898,7422048.6098,194.289328
5545134.8943,7422048.6054,194.357492
5545134.8168,7422048.6201,194.358444
5545134.7871,7422048.632,194.3640396952
5545134.8201,7422048.623,194.3556476952
5545134.8581,7422048.5994,194.2792
5545134.8822,7422048.5905,194.3453556952
5545134.8389,7422048.613,194.294036
5545134.8245,7422048.6139,194.2950396952
5545134.7951,7422048.6146,194.273408
5545134.8484,7422048.5908,194.3545156952
5545134.7835,7422048.6089,194.261876
5545134.7503,7422048.619,194.358808
5545134.8097,7422048.6087,194.35046
5545134.8831,7422048.5767,194.37579599999998
5545134.8771,7422048.5839,194.3797396952
5545134.8624,7422048.5876,194.06175199999998
5545134.8258,7422048.5935,194.044856
5545134.8563,7422048.5763,194.044
5545134.8706,7422048.5796,194.3422
5545134.8565,7422048.587,194.36893600000002
5545134.868,7422048.5857,194.3345396952
5545134.8411,7422048.5785,194.362768
5545134.8368,7422048.5828,189.986032
5545134.8466,7422048.5815,189.58684030479998
5545134.8518,7422048.5682,189.7431923048
5545134.8533,7422048.5641,190.53812
5545134.8163,7422048.5546,190.692968
5545134.8074,7422048.5505,190.472664
5545134.8186,7422048.5449,190.9579443048
5545134.8115,7422048.5232,190.843268
5545134.7741,7422048.5685,190.446384
5545134.7361,7422048.5682,190.783004
5545134.7848,7422048.5403,190.7866
5545134.7552,7422048.5429,190.42153969519998
5545134.7495,7422048.5384,190.759468
5545134.715,7422048.5683,190.9695763048
5545134.6993,7422048.5684,190.8379556952
5545134.7157,7422048.5616,190.554448
5545134.9398,7422048.5903,194.33516
5545134.6895,7422048.5901,194.06043599999998
5545134.2412,7422048.6507,192.8041716952
5545133.7298,7422048.855,193.199456
5545133.0733,7422049.2444,193.2829476952
5545132.486,7422049.7992,193.07403599999998
5545132.0657,7422050.6013,192.900036
5545131.9365,7422051.4194,192.54178769520001
5545132.0852,7422052.3035,192.0365556952
5545132.565,7422053.0059,191.53520830480002
5545133.0963,7422053.8032,191.0314603048
5545133.7998,7422054.4855,190.2565923048
5545134.5418,7422055.2321,189.8287123048
5545135.39,7422055.9068,188.7913603048
5545140.8738,7422060.7137,183.963604
5545141.8542,7422061.5632,183.2544166096
5545142.9562,7422062.2245,182.74081660960002
5545143.9744,7422063.084,180.8501923048
5545145.13,7422063.7478,179.4115
5545146.208,7422064.5557,177.5634
5545147.3927,7422065.2217,176.57590769520002
5545148.5581,7422065.937,176.0120206096
5545149.8211,7422066.5597,175.56092830480003
5545151.0382,7422067.1947,175.3066950856
5545152.2842,7422067.7548,175.2872513904
5545153.4816,7422068.3535,175.2680206096
5545154.7783,7422068.8021,174.8964798096
5545156.1006,7422069.1686,174.6271235048
5545157.4724,7422069.5153,174.2026388952
5545158.8804,7422069.6471,174.069120724
5545160.276,7422069.8445,173.9765364192
5545161.7076,7422069.9025,173.9599518096
5545163.1715,7422069.9029,173.9981644192
5545164.5541,7422069.9305,174.1221004192
5545166.024,7422070.1118,174.0414388952
5545167.4372,7422070.3253,173.9627518096
5545168.8531,7422070.7585,173.9271721144
5545170.2615,7422071.2415,173.8313875048
5545171.4691,7422071.9606,173.4997644192
5545172.708,7422072.7583,172.73401089520002
5545173.6984,7422073.6464,172.0633081144
5545174.6105,7422074.5639,171.78887691440002
5545175.3838,7422075.4677,171.9525381336
5545176.0593,7422076.3734,171.91629999999998
5545176.6043,7422077.2509,172.02088182880001
5545177.0714,7422078.0848,172.13327980959997
5545177.4541,7422078.8874,172.2568004192
5545177.7484,7422079.6023,172.496592724
5545177.9905,7422080.1507,172.3785748952
5545177.9476,7422080.2525,172.2908364192
5545177.7634,7422080.3392,171.8661409144
5545177.1663,7422080.4341,171.58422830479998
5545176.5525,7422080.8858,171.58207691439998
5545175.8955,7422081.7151,172.0259458288
5545175.8195,7422082.6054,172.80813641920003
5545176.3265,7422083.2272,173.2041441144
5545176.9466,7422083.7625,173.462420724
5545177.8228,7422083.984,173.275156724
5545178.7208,7422084.1923,173.279992724
5545179.7775,7422084.2271,173.38493119999998
5545180.8568,7422084.2564,173.4470875048
5545182.0916,7422084.1898,173.5638721144
5545183.2995,7422084.1468,173.6669518096
5545184.6373,7422084.0779,173.5882081144
5545185.9097,7422084.0814,173.47317211440003
5545187.2871,7422084.025,173.496420724
5545188.5699,7422084.0607,173.35761089520003
5545189.971,7422084.1006,173.1732364192
5545191.2629,7422084.2009,172.89422350479998
5545192.6532,7422084.3658,172.6722108952
5545193.9526,7422084.5668,172.5457518096
5545195.2343,7422084.9448,172.5561388952
5545196.4329,7422085.296,172.751328724
5545197.605,7422085.8591,172.59677489519999
5545198.7001,7422086.3655,172.3375441144
5545199.8789,7422087.0294,172.1063388952
5545200.9826,7422087.6373,171.77480000000003
5545202.1769,7422088.4056,171.6330381336
5545203.2705,7422089.1129,171.6804178288
5545204.3376,7422090.0007,171.66311013360001
5545205.3707,7422090.8228,171.7124409144
5545206.244,7422091.7748,171.73052830479998
5545207.1165,7422092.6585,171.7548126096
5545207.8097,7422093.6985,171.7840409144
5545208.5001,7422094.684,171.79908460960002
5545209.1312,7422095.7947,171.8289101336
5545209.8396,7422096.8277,171.867889524
5545210.5818,7422097.9164,171.8592409144
5545211.3622,7422098.8835,171.9611846096
5545212.2691,7422099.8015,172.0463178288
5545213.2353,7422100.4918,172.26050041919999
5545214.3324,7422101.0355,172.2720388952
5545215.4155,7422101.3175,172.69527211439998
5545216.572,7422101.4618,173.437020724
5545217.6125,7422101.3563,173.958792724
5545218.662,7422101.0476,173.9673721144
5545219.6478,7422100.6658,173.8927364192
5545220.5759,7422100.0214,173.69235180959998
5545221.5359,7422099.4317,173.5344672
5545222.3864,7422098.6429,173.1601441144
5545223.312,7422097.9138,173.0532748952
5545224.158,7422097.0395,172.9374388952
5545224.9533,7422096.1175,172.7463108952
5545225.7501,7422095.0591,172.35283120000003
5545226.4631,7422093.8741,171.8950486096
5545227.305,7422092.7173,171.8855692192
5545228.1811,7422091.4988,171.801364
5545229.1807,7422090.5251,171.7545818288
5545230.234,7422089.6158,171.7583409144
5545231.3604,7422088.9999,171.74884582880003
5545232.4143,7422088.4414,171.7625409144
5545233.5475,7422088.1484,171.7362458288
5545234.5997,7422087.8243,171.7460923048
5545235.7656,7422087.6351,171.7292409144
5545236.8684,7422087.3915,171.7528409144
5545238.0326,7422086.9234,171.71124860959998
5545239.1218,7422086.4719,171.726
5545240.2444,7422085.7861,171.6578206096
5545241.3023,7422085.1719,171.6558923048
5545242.4516,7422084.4013,171.5841126096
5545243.51,7422083.6854,171.59402830480002
5545244.6993,7422082.934,171.5347486096
5545245.7926,7422082.2665,171.530864
5545247.0007,7422081.7854,171.4794818288
5545248.1393,7422081.2597,171.482489524
5545249.3377,7422080.8527,171.4424101336
5545250.466,7422080.3618,171.4342741336
5545251.6326,7422079.8931,171.37419721920003
5545252.6698,7422079.1953,171.3595126096
5545253.7404,7422078.4581,171.3323283048
5545254.6797,7422077.5237,171.29789721920002
5545255.677,7422076.681,171.27791782879999
5545256.5851,7422075.7834,171.2674206096
5545257.5181,7422075.0023,171.287461524
5545258.3792,7422074.031,171.29214860960002
5545259.2239,7422073.0797,171.3260409144
5545260.0699,7422072.0602,171.31539230479999
5545260.8877,7422071.1048,171.30849721919998
5545261.7275,7422070.0776,171.2997409144
5545262.5824,7422069.1002,171.3356846096
5545263.4419,7422068.1117,171.3208381336
5545264.3032,7422067.192,171.3209923048
5545265.216,7422066.199,171.2778563048
5545266.1396,7422065.3165,171.28561013360002
5545267.1648,7422064.4041,171.292761524
5545268.1816,7422063.5748,171.2945563048
5545269.2876,7422062.7586,171.2963178288
5545283.7759,7422061.3746,171.3762972192
5545284.3777,7422061.2288,171.3110332192
5545285.5818,7422061.0387,171.3495283048
5545286.6859,7422060.4236,171.3095409144
5545287.828,7422059.8894,171.3051101336
5545288.9392,7422059.1102,171.2785692192
5545290.0503,7422058.4068,171.2524846096
5545291.2182,7422057.5434,171.2400409144
5545292.3781,7422056.783,171.2454409144
5545293.6122,7422055.9251,171.2829178288
5545294.8212,7422055.2546,171.3160049144
5545296.0951,7422054.527,171.3096486096
5545297.3398,7422054.0144,171.327789524
5545298.5625,7422053.6305,171.3311846096
5545299.7685,7422053.4048,171.3488283048
5545300.954,7422053.337,171.3659126096
5545302.1233,7422053.2727,171.40034860959997
5545303.2935,7422053.3335,171.38354582879998
5545304.4727,7422053.3459,171.3696178288
5545305.6788,7422053.3679,171.3571206096
5545306.8866,7422053.266,171.3482818288
5545308.0406,7422052.9018,171.2909563048
5545309.1323,7422052.4428,171.24669721920003
5545310.1505,7422051.7609,171.2046178288
5545311.1026,7422051.0824,171.1923846096
5545311.946,7422050.2135,171.141761524
5545312.7684,7422049.3988,171.100889524
5545313.4891,7422048.4112,171.0410126096
5545314.2462,7422047.4863,171.00170000000003
5545314.8377,7422046.4205,170.9431332192
5545315.395,7422045.3777,171.0025923048
5545315.9153,7422044.2644,171.0501126096
5545316.289,7422043.0677,171.0150126096
5545316.7649,7422041.8979,171.0514563048
5545317.142,7422040.6097,170.96714860959997
5545317.6523,7422039.4333,170.82784582879998
5545318.1868,7422038.1682,170.6739923048
5545318.9102,7422037.1094,170.5078409144
5545319.6216,7422036.1132,170.49416152400002
5545320.5199,7422035.3015,170.46666921919999
5545321.327,7422034.5019,170.4814741336
5545322.2562,7422033.8047,170.4666206096
5545323.0632,7422033.1057,170.4710178288
5545323.99,7422032.3234,170.44007691439998
5545324.7895,7422031.5394,170.4479409144
5545325.6267,7422030.6413,170.3914101336
5545326.3408,7422029.7559,170.39922552399997
5545327.0235,7422028.8059,170.3604283048
5545327.5429,7422027.7949,170.3951692192
5545328.1203,7422026.7968,170.4114972192
5545328.4542,7422025.723,170.42419999999998
5545328.7951,7422024.6498,170.3881178288
5545328.8539,7422023.488,170.4251
5545328.9887,7422022.3655,170.472664
5545328.943,7422021.1062,170.496753524
5545328.9933,7422019.9572,170.60089721920002
5545329.0009,7422018.6759,170.7949101336
5545329.0172,7422017.5126,171.2518126096
5545329.0815,7422016.244,171.5893381336
5545329.1031,7422015.0564,172.11051013359997
5545329.2312,7422013.811,172.2537672
5545329.2914,7422012.5749,172.37570811440003
5545329.4771,7422011.3494,172.2463672
5545329.6063,7422010.0756,172.1437004192
5545329.8949,7422008.8618,171.8788409144
5545330.1979,7422007.5918,171.7052178288
5545330.5906,7422006.4364,171.5165381336
5545331.0851,7422005.302,171.4165458288
5545331.6046,7422004.2714,171.3276101336
5545332.2774,7422003.3971,171.2398692192
5545332.8927,7422002.5698,171.14328460960002
5545333.6277,7422001.8916,171.07707691439998
5545334.2953,7422001.2146,170.98748460960002
5545335.1579,7422000.663,170.8965381336
5545335.961,7422000.0962,170.849525524
5545336.8968,7421999.5063,170.7344458288
5545337.7439,7421998.8347,170.684089524
5545338.4941,7421998.0045,170.57694582879998
5545339.1297,7421997.1409,170.55087413360002
5545339.4927,7421996.1993,170.5165381336
5545339.6331,7421995.2677,170.5139458288
5545339.5387,7421994.3983,170.50674860959998
5545339.2943,7421993.5178,170.500453524
5545339.0145,7421992.7403,170.5463178288
5545338.4704,7421991.9617,170.6104818288
5545337.905,7421991.2999,170.5897923048
5545337.1438,7421990.5999,170.65144860959998
5545336.3759,7421990.0416,170.79020000000003
5545335.376,7421989.4669,171.0978049144
5545334.4322,7421989.0385,171.1922972192
5545333.2937,7421988.5625,171.08401013359997
5545332.2082,7421988.1937,171.021261524
5545330.9059,7421987.8319,170.8699972192
5545329.6647,7421987.5923,170.8991818288
5545328.2844,7421987.2777,170.9991206096
5545326.9307,7421987.0751,171.1289283048
5545325.5152,7421986.8196,171.3321126096
5545324.079,7421986.5656,171.6652206096
5545322.6561,7421986.2899,171.89084582880002
5545321.1831,7421985.9727,172.1901004192
5545319.7893,7421985.6609,172.55983120000002
5545318.3604,7421985.197,172.8324875048
5545317.0135,7421984.7834,172.4722364192
5545315.6208,7421984.1583,171.97744411440001
5545314.3416,7421983.5675,171.73989721919997
5545313.1393,7421982.7755,171.6176178288
5545312.0608,7421982.0191,171.65400491440002
5545311.1319,7421981.1714,171.64799721920002
5545310.1741,7421980.2189,171.6537972192
5545309.5777,7421979.2238,171.6391049144
5545308.9656,7421978.1896,171.6247692192
5545308.7022,7421977.1548,171.60267691439998
5545308.3762,7421976.0835,171.61482552400003
5545308.3049,7421975.0492,171.59493321920002
5545308.2644,7421974.0494,171.5852458288
5545308.3329,7421973.068,171.592489524
5545308.478,7421972.0719,171.591089524
5545308.522,7421971.0345,171.56830000000002
5545308.6967,7421969.9557,171.52098182880002
5545308.7242,7421968.8481,171.49321013359997
5545308.8137,7421967.7025,171.4852563048
5545308.7733,7421966.6041,171.562964
5545308.6158,7421965.4745,171.5694972192
5545308.2918,7421964.4476,171.5177846096
5545307.8064,7421963.4471,171.44773813359998
5545307.2067,7421962.5512,171.3798923048
5545306.5106,7421961.6542,171.3403563048
5545305.6611,7421960.8176,171.32167691440003
5545304.7412,7421960.0103,171.2738923048
5545303.7729,7421959.183,171.2940923048
5545302.6936,7421958.359,171.28943321920002
5545301.6867,7421957.5088,171.3216332192
5545300.5928,7421956.5649,171.3089692192
5545299.5983,7421955.6688,171.31882830479998
5545298.6223,7421954.5646,171.27034860959998
5545297.6802,7421953.5469,171.2941972192
5545296.8184,7421952.3415,171.2548692192
5545295.9979,7421951.1891,171.2283332192
5545295.2831,7421949.9247,171.19850000000002
5545294.7336,7421948.6771,171.181061524
5545294.2524,7421947.4174,171.13119721919998
5545293.9568,7421946.1642,171.2023972192
5545293.688,7421944.967,171.35446152400002
5545293.6723,7421943.806,171.336253524
5545293.6328,7421942.6791,171.21069721920003
5545293.8168,7421941.5363,171.0620381336
5545293.9043,7421940.4359,170.959164
5545294.0945,7421939.2565,170.8854049144
5545294.1676,7421938.1211,170.8659692192
5545294.2517,7421936.8619,170.8209458288
5545294.183,7421935.6595,170.775225524
5545293.7472,7421934.5885,170.74704582880003
5545293.2615,7421933.5535,170.731853524
5545292.4876,7421932.7491,170.7088563048
5545291.7137,7421931.9484,170.701864
5545290.7625,7421931.3896,170.6842283048
5545289.8161,7421930.8344,170.65284582880003
5545288.7341,7421930.4336,170.6571
5545287.6717,7421930.1384,170.6203563048
5545286.5358,7421929.9391,170.65269230479998
5545285.4283,7421929.8381,170.8007332192
5545284.2581,7421929.7364,171.014753524
5545283.0746,7421929.6911,171.15140000000002
5545281.8534,7421929.6356,171.00889721919998
5545280.6313,7421929.6149,171.0380126096
5545279.4087,7421929.527,171.314289524
5545278.131,7421929.5074,171.7514923048
5545276.8656,7421929.3658,171.7658923048
5545275.7037,7421929.1262,172.2734672
5545274.6349,7421928.8239,172.597156724
5545273.6629,7421928.5018,172.87002350480003
5545272.7148,7421928.1813,173.1889158096
5545271.8224,7421927.862,173.718520724
5545270.9789,7421927.5254,174.09156720000001
5545270.2108,7421927.1651,174.35629550480002
5545269.567,7421926.7809,174.52393641920003
5545268.9958,7421926.4147,174.30942872399999
5545268.5175,7421926.0107,174.1233465904
5545268.0137,7421925.6007,173.8840465904
5545267.6229,7421925.1987,173.7446388952
5545267.2711,7421924.7706,174.0437875048
5545266.9101,7421924.3582,173.844120724
5545266.5905,7421923.9177,174.0559798096
5545266.3079,7421923.421,175.2561126096
5545266.0636,7421922.9242,174.9627563048
5545265.8429,7421922.4062,174.49663120000002
5545265.6566,7421921.8538,174.4324235048
5545265.4397,7421921.3146,173.9976081144
5545265.1949,7421920.7837,173.9350875048
5545264.9573,7421920.2392,173.8026721144
5545264.8281,7421919.5618,173.5040721144
5545264.5831,7421918.9408,173.29221089520001
5545264.2401,7421918.1979,172.9034108952
5545263.7382,7421917.6447,172.42342072399998
5545263.0525,7421917.0758,172.4186158096
5545262.2706,7421916.6739,172.66141580960002
5545261.3438,7421916.3239,172.8521465904
5545260.3476,7421916.1441,172.9151441144
5545259.278,7421916.0399,172.8479441144
5545258.1113,7421916.0236,173.67117489519998
5545256.9574,7421916.0828,174.629128724
5545255.7046,7421916.2445,174.5626818288
5545254.529,7421916.4564,185.269132
5545253.2275,7421916.7912,185.1467793904
5545252.0777,7421917.1633,184.985164
5545250.8524,7421917.7156,184.9213846096
5545249.7742,7421918.2624,184.8699396952
5545248.6169,7421918.9994,184.7783283048
5545247.6016,7421919.7228,184.11488460959998
5545246.536,7421920.6066,183.9498206096
5545245.6088,7421921.4314,184.6712206096
5545244.6236,7421922.3689,184.5045126096
5545243.7655,7421923.2514,184.48573969519998
5545242.926,7421924.3625,184.4296486096
5545242.2261,7421925.4056,184.48553600000002
5545241.5926,7421926.6343,184.43005630480002
5545241.0727,7421927.7627,184.4243716952
5545240.6674,7421929.0782,184.374596
5545240.3354,7421930.2751,184.38004860959998
5545240.2032,7421931.602,184.3837806096
5545240.102,7421932.8192,184.4496526096
5545240.1359,7421934.1342,184.5149076952
5545240.1963,7421935.34,184.6557243048
5545240.2774,7421936.6806,184.73310769519998
5545240.3707,7421937.906,184.8928126096
5545240.5054,7421939.2534,184.9949436952
5545240.6532,7421940.5093,185.13320769519999
5545240.7942,7421941.8573,185.23559600000002
5545240.9267,7421943.1837,185.34930400000002
5545241.0203,7421944.5437,185.4630883048
5545241.1168,7421945.9465,185.5840436952
5545241.0927,7421947.3304,185.7430076952
5545241.0399,7421948.8159,185.96195260960002
5545240.7142,7421950.1217,186.1632716952
5545240.2654,7421951.4908,186.2939206096
5545239.6625,7421952.6397,186.4339486096
5545238.8991,7421953.6451,186.3056243048
5545238.1331,7421954.5197,186.2801486096
5545237.2204,7421955.1989,186.2617
5545236.3558,7421955.7886,186.28978460960002
5545235.3884,7421956.1736,186.2545486096
5545234.4523,7421956.5861,186.2787923048
5545233.4292,7421956.967,186.26923599999998
5545232.4268,7421957.4009,186.29521260960001
5545231.4994,7421957.8843,186.3332846096
5545230.6878,7421958.54,186.3511243048
5545229.9242,7421959.1682,186.522264
5545229.1703,7421960.061,186.6391756952
5545228.4475,7421960.8415,186.7524526096
5545227.717,7421961.8226,186.86865630480003
5545227.0271,7421962.7071,187.087232
5545226.2931,7421963.7654,187.3352
5545225.6188,7421964.7365,187.62747569520002
5545224.8714,7421965.8496,187.755964
5545224.1923,7421966.8707,187.97873600000003
5545223.394,7421967.9059,188.1218763048
5545222.6545,7421968.8665,188.3428
5545221.7884,7421969.7933,188.375016
5545220.9809,7421970.7049,188.459416
5545220.072,7421971.5599,188.715484
5545219.2114,7421972.4259,189.192784
5545218.3412,7421973.3429,189.2974
5545217.5238,7421974.2866,189.2073283048
5545216.7539,7421975.3082,189.2815043048
5545215.9622,7421976.3318,189.414232
5545215.2727,7421977.4004,189.499816
5545214.4796,7421978.4733,189.5859723048
5545213.8303,7421979.5534,189.6140443048
5545213.059,7421980.6693,189.6432763048
5545212.4069,7421981.7228,189.7384123048
5545211.6962,7421982.8947,189.8830603048
5545211.0707,7421983.9841,190.016132
5545210.3875,7421985.1951,190.124552
5545209.7681,7421986.2784,190.301536
5545209.2066,7421987.4177,190.48433599999998
5545208.6532,7421988.5448,190.62985200000003
5545207.9961,7421989.7284,190.673652
5545207.4219,7421990.8605,190.80322369520002
5545206.805,7421992.0254,190.860564
5545206.2551,7421993.174,191.02427169519999
5545205.8206,7421994.4197,191.1188443048
5545205.3204,7421995.6376,191.23038
5545204.9477,7421996.9289,191.1856396952
5545204.5018,7421998.1988,191.8945763048
5545204.0903,7421999.4059,191.7338236952
5545203.5957,7422000.6451,191.75425199999998
5545203.1708,7422001.7985,191.84889600000002
5545202.7097,7422003.0542,191.96420830480002
5545202.2906,7422004.1962,192.06059599999998
5545201.8165,7422005.4139,192.1040556952
5545201.4204,7422006.5898,192.3082283048
5545200.9789,7422007.8265,192.359032
5545200.6158,7422009.0844,192.3798763048
5545200.1231,7422010.2598,191.9078763048
5545199.696,7422011.4952,188.2303883048
5545199.2329,7422012.6377,188.191216
5545198.7755,7422013.8362,187.9480723048
5545198.3389,7422014.9696,187.4954716952
5545197.8568,7422016.1279,185.49702830479998
5545197.4007,7422017.284,184.234404
5545196.8744,7422018.395,183.782196
5545196.3662,7422019.5403,183.14701660960003
5545195.7682,7422020.5848,182.4229806096
5545195.171,7422021.736,181.63010400000002
5545194.5509,7422022.7488,180.96363969520002
5545193.8109,7422023.8536,180.8130542856
5545193.1179,7422024.842,178.2009076952
5545192.2131,7422025.7851,176.1657381336
5545191.3847,7422026.7228,175.3849049144
5545190.3937,7422027.446,174.7844923048
5545189.4854,7422028.1813,174.3643465904
5545188.4459,7422028.6983,174.2960364192
5545187.4977,7422029.2639,174.5619235048
5545186.4189,7422029.7712,174.7821950856
5545185.4158,7422030.2746,174.6567595048
5545184.2914,7422030.722,174.5747032
5545183.2662,7422031.2339,175.1878486096
5545182.1685,7422031.8205,175.5804667808
5545181.1528,7422032.5126,175.52397169519998
5545180.136,7422033.2423,175.7563076952
5545179.1338,7422034.0391,176.1000950856
5545178.1754,7422034.8884,176.0310769144
5545177.1595,7422035.763,176.1162409144
5545176.235,7422036.68,176.2856716952
5545175.2385,7422037.6282,176.2815307808
5545174.3233,7422038.5031,176.467064
5545173.305,7422039.4525,176.4603153904
5545172.4159,7422040.3244,176.4432846096
5545171.439,7422041.2715,176.14122308560002
5545170.5775,7422042.1697,175.6222283048
5545169.7757,7422043.2533,175.4497230856
5545169.0247,7422044.2361,175.1882153904
5545168.2699,7422045.5559,174.61441539039998
5545167.6376,7422046.6176,174.26967211439998
5545167.0115,7422047.7037,174.1418004192
5545166.3804,7422048.692,174.16459272400002
5545165.6572,7422049.6581,174.0801875048
5545164.9893,7422050.6284,173.96112072399998
5545164.2415,7422051.5058,173.8116158096
5545163.4409,7422052.3865,173.51595950479998
5545162.6451,7422053.1551,173.43522350480004
5545161.7063,7422053.8661,173.371856724
5545160.8324,7422054.4958,173.4720465904
5545159.9166,7422054.8949,173.44875950480002
5545159.0249,7422055.2345,173.34768502880002
5545158.1396,7422055.4026,173.3322465904
5545157.2141,7422055.5115,173.83091580960001
5545156.2952,7422055.6736,174.6124081144
5545155.3665,7422055.7132,175.0720409144
5545154.4251,7422055.8331,175.3081846096
5545153.4759,7422055.9122,175.416364
5545152.5015,7422056.0177,175.7432950856
5545151.5275,7422056.2348,175.8893
5545150.5397,7422056.3707,175.716564
5545149.5417,7422056.5927,175.4554923048
5545148.5499,7422056.7825,175.14980000000003
5545147.4897,7422056.9779,175.1958590856
5545146.5171,7422057.164,175.2950049144
5545145.3553,7422057.4087,175.5345049144
5545144.2287,7422057.6369,176.08495630480002
5545142.9428,7422057.8444,176.43617169520002
5545141.7154,7422057.9138,177.2455923048
5545140.5896,7422057.8993,177.8911206096
5545139.5741,7422057.8066,177.93099999999998
5545138.6717,7422057.677,177.9928153904
5545137.8224,7422057.4931,177.94184860960002
5545136.9805,7422057.1426,184.572796
5545136.1855,7422056.7618,184.2003396952
5545135.5283,7422056.3193,183.784264
5545135.0377,7422055.7606,184.0351
5545134.5694,7422055.1742,185.0588806096
5545134.4264,7422054.5887,185.4802526096
5545134.3582,7422054.0081,186.1356756952
5545134.1613,7422053.3598,186.5289116952
5545133.9452,7422052.7378,189.88191230479998
5545133.7231,7422052.1577,189.98269599999998
5545133.5052,7422051.6238,190.0732236952
5545133.3533,7422051.1172,190.1625763048
5545133.3031,7422050.6833,190.0656876952
5545133.3422,7422050.2801,190.23868000000002
5545133.4267,7422049.8931,190.705384
5545133.4749,7422049.5192,190.819848
5545133.4639,7422049.1598,190.9973396952
5545133.3931,7422048.9085,191.014384
5545133.2181,7422048.7917,191.1744396952
5545133.2519,7422048.8091,191.25198
5545133.3928,7422048.6882,190.90940830480002
5545133.7043,7422048.4827,191.0034923048
5545134.1597,7422048.1039,194.1744716952
5545134.428,7422047.9152,194.0974236952
5545134.3003,7422047.9884,194.1778876952
5545134.3136,7422047.9777,194.19292000000002
5545134.3889,7422047.983,194.144192
5545134.4276,7422048.0139,194.101112
5545134.3389,7422048.0253,194.12606
5545134.3555,7422048.0491,194.117264
5545134.377,7422048.0112,194.1764236952
5545134.3708,7422048.0175,194.1511476952
5545134.4217,7422048.0248,194.1271556952
5545134.4188,7422048.0026,194.2638236952
5545134.4501,7422048.0131,194.37944769519999
5545134.4167,7422048.0637,193.947652
5545134.4538,7422048.0224,194.11990400000002
5545134.4687,7422048.0062,194.126008
5545134.5074,7422047.9684,194.142496
5545134.4731,7422047.9781,191.679764
5545134.4568,7422047.991,191.6824
5545134.4677,7422048.0308,191.6178443048
5545134.4768,7422048.0293,191.6088603048
5545134.4652,7422048.0425,191.58956799999999
