nr,X,Y,H,czas,tryb
0072_2011,5545141.9448,7422077.6987,238.9251,06/06/2011 10:20:05,Pomierzony
0073_2011,5545141.9043,7422077.8996,238.9465,06/06/2011 10:20:10,Pomierzony
0074_2011,5545141.8537,7422078.1046,238.9496,06/06/2011 10:20:15,Pomierzony
0075_2011,5545140.4046,7422079.3047,238.8998,06/06/2011 10:20:20,Pomierzony
0076_2011,5545138.5666,7422079.4269,238.9066,06/06/2011 10:20:25,Pomierzony
0077_2011,5545137.7245,7422078.2999,238.9327,06/06/2011 10:20:30,Pomierzony
0078_2011,5545138.7878,7422075.2207,239.042,06/06/2011 10:20:35,Pomierzony
0079_2011,5545141.1868,7422072.032,238.9897,06/06/2011 10:20:40,Pomierzony
0080_2011,5545144.2041,7422069.1196,238.9826,06/06/2011 10:20:45,Pomierzony
0081_2011,5545147.9357,7422066.6798,238.8635,06/06/2011 10:20:50,Pomierzony
0082_2011,5545151.5084,7422063.0522,238.8803,06/06/2011 10:20:55,Pomierzony
0083_2011,5545155.406,7422059.3771,238.8891,06/06/2011 10:21:00,Pomierzony
0084_2011,5545159.5538,7422056.2136,238.9088,06/06/2011 10:21:05,Pomierzony
0085_2011,5545163.4938,7422053.3902,238.8682,06/06/2011 10:21:10,Pomierzony
0086_2011,5545166.5282,7422050.9283,238.8929,06/06/2011 10:21:15,Pomierzony
0087_2011,5545169.6525,7422047.6074,238.8552,06/06/2011 10:21:20,Pomierzony
0088_2011,5545172.97,7422043.9545,238.8827,06/06/2011 10:21:25,Pomierzony
0089_2011,5545176.6748,7422040.6398,238.8689,06/06/2011 10:21:30,Pomierzony
0090_2011,5545179.6238,7422037.3439,238.8679,06/06/2011 10:21:35,Pomierzony
0091_2011,5545182.4029,7422034.2654,238.8756,06/06/2011 10:21:40,Pomierzony
0092_2011,5545185.0186,7422030.9227,238.8566,06/06/2011 10:21:45,Pomierzony
0093_2011,5545186.9349,7422027.2033,238.8804,06/06/2011 10:21:50,Pomierzony
0094_2011,5545189.1908,7422023.331,238.8618,06/06/2011 10:21:55,Pomierzony
0095_2011,5545191.9783,7422019.5838,238.8729,06/06/2011 10:22:00,Pomierzony
0096_2011,5545195.5862,7422016.2215,238.8688,06/06/2011 10:22:05,Pomierzony
0097_2011,5545199.0562,7422012.7842,238.8622,06/06/2011 10:22:10,Pomierzony
0098_2011,5545202.0261,7422008.8277,238.8647,06/06/2011 10:22:15,Pomierzony
0099_2011,5545204.2928,7422004.7223,238.8509,06/06/2011 10:22:20,Pomierzony
0100_2011,5545206.0084,7422000.2637,238.8781,06/06/2011 10:22:25,Pomierzony
0101_2011,5545208.7641,7421996.5574,238.8622,06/06/2011 10:22:30,Pomierzony
0102_2011,5545211.8059,7421993.0599,238.9083,06/06/2011 10:22:35,Pomierzony
0103_2011,5545215.24,7421989.6455,238.8675,06/06/2011 10:22:40,Pomierzony
0104_2011,5545219.4532,7421987.013,238.8752,06/06/2011 10:22:45,Pomierzony
0105_2011,5545223.6505,7421984.3519,238.8805,06/06/2011 10:22:50,Pomierzony
0106_2011,5545227.4934,7421981.3369,238.8678,06/06/2011 10:22:55,Pomierzony
0107_2011,5545230.9834,7421978.0498,238.8563,06/06/2011 10:23:00,Pomierzony
0108_2011,5545234.1463,7421974.7256,238.8545,06/06/2011 10:23:05,Pomierzony
0109_2011,5545237.0296,7421971.0761,238.8675,06/06/2011 10:23:10,Pomierzony
0110_2011,5545240.2592,7421967.2177,238.8744,06/06/2011 10:23:15,Pomierzony
0111_2011,5545243.2617,7421963.2861,238.8784,06/06/2011 10:23:20,Pomierzony
0112_2011,5545246.1091,7421959.2231,238.8699,06/06/2011 10:23:25,Pomierzony
0113_2011,5545248.5997,7421954.926,238.8725,06/06/2011 10:23:30,Pomierzony
0114_2011,5545251.7053,7421950.8245,238.8726,06/06/2011 10:23:35,Pomierzony
0115_2011,5545255.0005,7421946.872,238.8693,06/06/2011 10:23:40,Pomierzony
0116_2011,5545257.5919,7421942.6852,238.8484,06/06/2011 10:23:45,Pomierzony
0117_2011,5545259.7494,7421938.8586,238.8581,06/06/2011 10:23:50,Pomierzony
0118_2011,5545188.8199,7422174.1226,-470.9254,06/06/2011 10:24:00,Pomierzony
0119_2011,5545263.2836,7421929.5321,238.8748,06/06/2011 10:24:05,Pomierzony
0120_2011,5545262.1591,7421926.6009,238.8826,06/06/2011 10:24:10,Pomierzony
0121_2011,5545259.5638,7421925.4038,238.8788,06/06/2011 10:24:15,Pomierzony
0122_2011,5545256.8332,7421926.3515,238.8642,06/06/2011 10:24:20,Pomierzony
0123_2011,5545254.2845,7421929.3588,238.8841,06/06/2011 10:24:25,Pomierzony
0124_2011,5545250.4461,7421932.2254,238.8668,06/06/2011 10:24:30,Pomierzony
0125_2011,5545246.3357,7421934.8949,238.8866,06/06/2011 10:24:35,Pomierzony
0126_2011,5545242.0015,7421936.8283,238.8737,06/06/2011 10:24:40,Pomierzony
0127_2011,5545237.9789,7421939.048,238.8769,06/06/2011 10:24:45,Pomierzony
0128_2011,5545234.1911,7421941.6473,238.8731,06/06/2011 10:24:50,Pomierzony
0129_2011,5545231.1945,7421944.8471,238.875,06/06/2011 10:24:55,Pomierzony
0130_2011,5545228.7002,7421948.6618,238.8767,06/06/2011 10:25:00,Pomierzony
0131_2011,5545225.7067,7421951.9893,238.874,06/06/2011 10:25:05,Pomierzony
0132_2011,5545222.6163,7421955.3568,238.8862,06/06/2011 10:25:10,Pomierzony
0133_2011,5545219.1448,7421958.2908,238.8784,06/06/2011 10:25:15,Pomierzony
0134_2011,5545215.3903,7421960.4685,238.8843,06/06/2011 10:25:20,Pomierzony
0135_2011,5545212.287,7421962.4931,238.8825,06/06/2011 10:25:25,Pomierzony
0136_2011,5545210.5559,7421964.6089,238.8843,06/06/2011 10:25:30,Pomierzony
0137_2011,5545209.1929,7421966.3745,238.8797,06/06/2011 10:25:35,Pomierzony
0138_2011,5545208.0773,7421967.9531,238.8732,06/06/2011 10:25:40,Pomierzony
0139_2011,5545204.7899,7421972.8477,238.8789,06/06/2011 10:26:00,Pomierzony
0140_2011,5545203.882,7421972.7646,238.8737,06/06/2011 10:26:05,Pomierzony
0141_2011,5545201.7639,7421972.6505,238.8663,06/06/2011 10:26:10,Pomierzony
0142_2011,5545196.7425,7421977.4274,238.8429,06/06/2011 10:26:20,Pomierzony
0143_2011,5545194.0839,7421980.5156,238.8457,06/06/2011 10:26:25,Pomierzony
0144_2011,5545191.1502,7421983.7625,238.8418,06/06/2011 10:26:30,Pomierzony
0145_2011,5545188.029,7421987.0369,238.8544,06/06/2011 10:26:35,Pomierzony
0146_2011,5545185.7342,7421990.8264,238.8474,06/06/2011 10:26:40,Pomierzony
0147_2011,5545183.15,7421994.3833,238.8469,06/06/2011 10:26:45,Pomierzony
0148_2011,5545180.3918,7421998.0692,238.8393,06/06/2011 10:26:50,Pomierzony
0149_2011,5545177.5617,7422001.6295,238.8476,06/06/2011 10:26:55,Pomierzony
0150_2011,5545174.2702,7422004.6918,238.8133,06/06/2011 10:27:00,Pomierzony
0151_2011,5545171.2538,7422007.2349,238.7591,06/06/2011 10:27:05,Pomierzony
0152_2011,5545167.5047,7422013.732,238.9374,06/06/2011 10:27:15,Pomierzony
0153_2011,5545165.7431,7422017.9061,238.8375,06/06/2011 10:27:20,Pomierzony
0154_2011,5545163.3705,7422021.8266,238.8313,06/06/2011 10:27:25,Pomierzony
0155_2011,5545160.4754,7422025.5612,238.8598,06/06/2011 10:27:30,Pomierzony
0156_2011,5545154.2959,7422032.7585,238.843,06/06/2011 10:27:40,Pomierzony
0157_2011,5545148.2208,7422039.3315,238.8367,06/06/2011 10:27:50,Pomierzony
0158_2011,5545145.2878,7422042.5868,238.7387,06/06/2011 10:27:55,Pomierzony
0159_2011,5545143.6135,7422045.9317,238.8665,06/06/2011 10:28:00,Pomierzony
0160_2011,5545142.2275,7422049.5533,238.8836,06/06/2011 10:28:05,Pomierzony
0161_2011,5545139.8915,7422052.2601,238.8639,06/06/2011 10:28:10,Pomierzony
0162_2011,5545136.056,7422053.6504,238.8817,06/06/2011 10:28:15,Pomierzony
0163_2011,5545132.5071,7422052.7282,238.8871,06/06/2011 10:28:20,Pomierzony
0164_2011,5545129.9334,7422051.7732,238.8774,06/06/2011 10:28:25,Pomierzony
0165_2011,5545128.319,7422051.0028,238.905,06/06/2011 10:28:30,Pomierzony
0166_2011,5545127.1779,7422050.3946,238.9025,06/06/2011 10:28:35,Pomierzony
0167_2011,5545126.8889,7422050.0954,238.8994,06/06/2011 10:28:40,Pomierzony
0168_2011,5545126.9525,7422049.6695,238.9063,06/06/2011 10:28:45,Pomierzony
0169_2011,5545126.8619,7422049.4239,238.8921,06/06/2011 10:28:50,Pomierzony
0170_2011,5545126.8104,7422049.4786,238.8982,06/06/2011 10:28:55,Pomierzony
0171_2011,5545126.7637,7422049.5515,238.9172,06/06/2011 10:29:00,Pomierzony
0172_2011,5545126.75,7422049.5542,238.9075,06/06/2011 10:29:05,Pomierzony
0173_2011,5545126.7297,7422049.5638,238.9092,06/06/2011 10:29:10,Pomierzony
0174_2011,5545126.7237,7422049.5682,238.8907,06/06/2011 10:29:15,Pomierzony
0175_2011,5545126.7159,7422049.5652,238.8867,06/06/2011 10:29:20,Pomierzony
0176_2011,5545126.7123,7422049.5675,238.8863,06/06/2011 10:29:25,Pomierzony
0177_2011,5545126.6947,7422049.569,238.8876,06/06/2011 10:29:30,Pomierzony
0178_2011,5545126.6894,7422049.5688,238.9015,06/06/2011 10:29:35,Pomierzony
0179_2011,5545126.6827,7422049.5755,238.8755,06/06/2011 10:29:40,Pomierzony
0180_2011,5545126.6683,7422049.5758,238.8784,06/06/2011 10:29:45,Pomierzony
0181_2011,5545126.6554,7422049.569,238.8793,06/06/2011 10:29:50,Pomierzony
0182_2011,5545126.6549,7422049.5818,238.8806,06/06/2011 10:29:55,Pomierzony
0183_2011,5545126.6514,7422049.576,238.871,06/06/2011 10:30:00,Pomierzony
0184_2011,5545126.6675,7422049.5796,238.8768,06/06/2011 10:30:05,Pomierzony
0185_2011,5545065.6427,7422237.4721,-324.4485,06/06/2011 10:30:15,Pomierzony
0186_2011,5545127.0982,7422049.7753,239.0035,06/06/2011 10:30:20,Pomierzony
0187_2011,5545127.8261,7422049.9395,238.9758,06/06/2011 10:30:25,Pomierzony
0188_2011,5545126.7444,7422049.5401,238.9577,06/06/2011 10:30:30,Pomierzony
0189_2011,5545126.9459,7422049.529,238.9619,06/06/2011 10:30:35,Pomierzony
0190_2011,5545127.0578,7422049.5515,238.9646,06/06/2011 10:30:40,Pomierzony
0191_2011,5545127.1482,7422049.5879,238.9907,06/06/2011 10:30:45,Pomierzony
0192_2011,5545127.0845,7422049.7386,238.9129,06/06/2011 10:30:50,Pomierzony
0193_2011,5545126.8176,7422049.7696,238.8952,06/06/2011 10:30:55,Pomierzony
0194_2011,5545126.8637,7422049.9893,238.8766,06/06/2011 10:31:00,Pomierzony
0195_2011,5545126.7397,7422049.8437,238.8587,06/06/2011 10:31:05,Pomierzony
0196_2011,5545126.8283,7422049.7691,238.9443,06/06/2011 10:31:10,Pomierzony
0197_2011,5545126.8572,7422049.7518,238.9532,06/06/2011 10:31:15,Pomierzony
0198_2011,5545126.8602,7422049.7626,238.9495,06/06/2011 10:31:20,Pomierzony
0199_2011,5545126.7668,7422049.8597,239.4033,06/06/2011 10:31:25,Pomierzony
0200_2011,5545126.7573,7422050.6367,238.9683,06/06/2011 10:31:30,Pomierzony
0201_2011,5545127.0063,7422051.5182,238.7426,06/06/2011 10:31:35,Pomierzony
0202_2011,5545127.0735,7422052.1034,238.8256,06/06/2011 10:31:40,Pomierzony
0203_2011,5545127.1032,7422052.4896,239.0253,06/06/2011 10:31:45,Pomierzony
0204_2011,5545127.1207,7422053.0276,238.8847,06/06/2011 10:31:50,Pomierzony
0205_2011,5545127.0071,7422053.4355,238.7232,06/06/2011 10:31:55,Pomierzony
0206_2011,5545126.9385,7422053.7401,238.795,06/06/2011 10:32:00,Pomierzony
0207_2011,5545126.7931,7422054.0055,238.953,06/06/2011 10:32:05,Pomierzony
0208_2011,5545126.8182,7422054.3119,239.2504,06/06/2011 10:32:10,Pomierzony
0209_2011,5545126.6227,7422054.7375,238.6628,06/06/2011 10:32:15,Pomierzony
0210_2011,5545126.6323,7422054.8335,238.8321,06/06/2011 10:32:20,Pomierzony
0211_2011,5545126.4343,7422055.0948,238.8246,06/06/2011 10:32:25,Pomierzony
0212_2011,5545126.2165,7422055.3475,238.8217,06/06/2011 10:32:30,Pomierzony
0213_2011,5545126.0153,7422055.5717,238.885,06/06/2011 10:32:35,Pomierzony
0214_2011,5545125.8022,7422055.7881,238.9541,06/06/2011 10:32:40,Pomierzony
0215_2011,5545125.617,7422056.0186,238.9222,06/06/2011 10:32:45,Pomierzony
0216_2011,5545125.4372,7422056.2212,238.891,06/06/2011 10:32:50,Pomierzony
0217_2011,5545125.2257,7422056.4445,238.7212,06/06/2011 10:32:55,Pomierzony
0218_2011,5545125.0312,7422056.6032,238.8023,06/06/2011 10:33:00,Pomierzony
0219_2011,5545124.8422,7422056.7787,238.8031,06/06/2011 10:33:05,Pomierzony
0220_2011,5545124.678,7422056.9521,238.8328,06/06/2011 10:33:10,Pomierzony
0221_2011,5545124.4989,7422057.1096,238.8214,06/06/2011 10:33:15,Pomierzony
0222_2011,5545124.3569,7422057.2919,238.8268,06/06/2011 10:33:20,Pomierzony
0223_2011,5545124.2091,7422057.4431,238.8296,06/06/2011 10:33:25,Pomierzony
0224_2011,5545124.0769,7422057.5747,238.8363,06/06/2011 10:33:30,Pomierzony
0225_2011,5545123.9246,7422057.6732,238.8376,06/06/2011 10:33:35,Pomierzony
0226_2011,5545123.8189,7422057.7716,238.839,06/06/2011 10:33:40,Pomierzony
0227_2011,5545123.6537,7422057.216,238.8631,06/06/2011 10:33:45,Pomierzony
0228_2011,5545124.2066,7422055.3138,238.8722,06/06/2011 10:33:50,Pomierzony
0229_2011,5545125.0012,7422055.0496,238.8403,06/06/2011 10:33:55,Pomierzony
0230_2011,5545125.7454,7422055.7496,238.8762,06/06/2011 10:34:00,Pomierzony
0231_2011,5545126.5435,7422056.1164,238.8444,06/06/2011 10:34:05,Pomierzony
0232_2011,5545128.6922,7422055.2724,238.702,06/06/2011 10:34:10,Pomierzony
0233_2011,5545132.6564,7422055.2288,238.4285,06/06/2011 10:34:15,Pomierzony
0234_2011,5545137.6217,7422055.2589,238.8826,06/06/2011 10:34:20,Pomierzony
0235_2011,5545142.6022,7422054.7645,238.8968,06/06/2011 10:34:25,Pomierzony
0236_2011,5545147.2044,7422054.0175,238.9318,06/06/2011 10:34:30,Pomierzony
0237_2011,5545150.6351,7422052.6875,238.9282,06/06/2011 10:34:35,Pomierzony
0238_2011,5545153.8227,7422051.3447,238.9131,06/06/2011 10:34:40,Pomierzony
0239_2011,5545156.4012,7422049.1061,238.9238,06/06/2011 10:34:45,Pomierzony
0240_2011,5545159.6263,7422048.7058,238.9061,06/06/2011 10:34:50,Pomierzony
0241_2011,5545163.5044,7422048.2246,238.9155,06/06/2011 10:34:55,Pomierzony
0242_2011,5545168.0169,7422048.2255,238.9272,06/06/2011 10:35:00,Pomierzony
0243_2011,5545173.1185,7422048.0055,238.9282,06/06/2011 10:35:05,Pomierzony
0244_2011,5545177.9628,7422047.0738,238.9449,06/06/2011 10:35:10,Pomierzony
0245_2011,5545182.7833,7422045.8972,238.9541,06/06/2011 10:35:15,Pomierzony
0246_2011,5545187.3847,7422043.8126,238.9456,06/06/2011 10:35:20,Pomierzony
0247_2011,5545192.0137,7422041.3856,238.9452,06/06/2011 10:35:25,Pomierzony
0248_2011,5545196.5007,7422040.7992,238.9369,06/06/2011 10:35:30,Pomierzony
0249_2011,5545201.0978,7422040.5773,238.9392,06/06/2011 10:35:35,Pomierzony
0250_2011,5545206.1754,7422039.8961,238.9313,06/06/2011 10:35:40,Pomierzony
0251_2011,5545210.7825,7422040.0774,238.9407,06/06/2011 10:35:45,Pomierzony
0252_2011,5545215.4605,7422040.1077,238.9334,06/06/2011 10:35:50,Pomierzony
0253_2011,5545220.3094,7422039.7954,238.9341,06/06/2011 10:35:55,Pomierzony
0254_2011,5545225.2545,7422039.5545,238.9338,06/06/2011 10:36:00,Pomierzony
0255_2011,5545230.0641,7422038.3654,238.9287,06/06/2011 10:36:05,Pomierzony
0256_2011,5545234.8168,7422036.7364,238.9228,06/06/2011 10:36:10,Pomierzony
0257_2011,5545239.4698,7422034.7425,238.9248,06/06/2011 10:36:15,Pomierzony
0258_2011,5545244.0116,7422034.1441,238.9323,06/06/2011 10:36:20,Pomierzony
0259_2011,5545248.8905,7422033.2767,238.937,06/06/2011 10:36:25,Pomierzony
0260_2011,5545253.5901,7422033.072,238.938,06/06/2011 10:36:30,Pomierzony
0261_2011,5545258.3123,7422032.2863,238.9411,06/06/2011 10:36:35,Pomierzony
0262_2011,5545263.4048,7422032.0725,238.9364,06/06/2011 10:36:40,Pomierzony
0263_2011,5545267.9977,7422032.6874,238.9375,06/06/2011 10:36:45,Pomierzony
0264_2011,5545272.6168,7422033.3178,238.946,06/06/2011 10:36:50,Pomierzony
0265_2011,5545277.436,7422032.8996,238.9396,06/06/2011 10:36:55,Pomierzony
0266_2011,5545282.4447,7422031.4764,238.9339,06/06/2011 10:37:00,Pomierzony
0267_2011,5545287.9894,7422029.5856,238.9341,06/06/2011 10:37:05,Pomierzony
0268_2011,5545290.6343,7422026.2,238.9372,06/06/2011 10:37:10,Pomierzony
0269_2011,5545289.4342,7422022.2809,238.9278,06/06/2011 10:37:15,Pomierzony
0270_2011,5545287.0497,7422018.1151,238.9344,06/06/2011 10:37:20,Pomierzony
0271_2011,5545284.975,7422013.8688,238.926,06/06/2011 10:37:25,Pomierzony
0272_2011,5545283.7336,7422009.6821,238.929,06/06/2011 10:37:30,Pomierzony
0273_2011,5545283.2406,7422005.4603,238.9161,06/06/2011 10:37:35,Pomierzony
0274_2011,5545282.188,7422001.1388,238.9159,06/06/2011 10:37:40,Pomierzony
0275_2011,5545281.7833,7421996.8067,238.9224,06/06/2011 10:37:45,Pomierzony
0276_2011,5545280.5101,7421992.3505,238.9087,06/06/2011 10:37:50,Pomierzony
0277_2011,5545279.3846,7421987.7157,238.9062,06/06/2011 10:37:55,Pomierzony
0278_2011,5545278.4484,7421982.9153,238.9113,06/06/2011 10:38:00,Pomierzony
0279_2011,5545277.2777,7421978.1609,238.9251,06/06/2011 10:38:05,Pomierzony
0280_2011,5545277.0672,7421973.5691,238.9292,06/06/2011 10:38:10,Pomierzony
0281_2011,5545275.6475,7421968.9999,238.9205,06/06/2011 10:38:15,Pomierzony
0282_2011,5545275.0862,7421964.5132,238.9061,06/06/2011 10:38:20,Pomierzony
0283_2011,5545274.4589,7421959.9536,238.93,06/06/2011 10:38:25,Pomierzony
0284_2011,5545273.6519,7421955.3663,238.9252,06/06/2011 10:38:30,Pomierzony
0285_2011,5545271.7329,7421950.89,238.9294,06/06/2011 10:38:35,Pomierzony
0286_2011,5545269.3332,7421946.6231,238.92,06/06/2011 10:38:40,Pomierzony
0287_2011,5545267.1385,7421942.2231,238.9114,06/06/2011 10:38:45,Pomierzony
0288_2011,5545264.9887,7421937.6301,238.9013,06/06/2011 10:38:50,Pomierzony
0289_2011,5545263.0849,7421932.6074,238.8953,06/06/2011 10:38:55,Pomierzony
0290_2011,5545261.3664,7421927.6899,238.9152,06/06/2011 10:39:00,Pomierzony
0291_2011,5545258.2441,7421925.2353,238.9079,06/06/2011 10:39:05,Pomierzony
0292_2011,5545254.5538,7421923.9716,238.897,06/06/2011 10:39:10,Pomierzony
0293_2011,5545251.4923,7421921.0797,238.8885,06/06/2011 10:39:15,Pomierzony
0294_2011,5545248.8495,7421917.5371,238.8976,06/06/2011 10:39:20,Pomierzony
0295_2011,5545245.9075,7421914.2746,238.9041,06/06/2011 10:39:25,Pomierzony
0296_2011,5545242.4088,7421911.8166,238.8927,06/06/2011 10:39:30,Pomierzony
0297_2011,5545238.8851,7421909.4798,238.9033,06/06/2011 10:39:35,Pomierzony
0298_2011,5545236.1212,7421906.2224,238.8941,06/06/2011 10:39:40,Pomierzony
0299_2011,5545233.094,7421903.1869,238.8978,06/06/2011 10:39:45,Pomierzony
0300_2011,5545229.8194,7421900.624,238.8913,06/06/2011 10:39:50,Pomierzony
0301_2011,5545226.2108,7421898.8265,238.9117,06/06/2011 10:39:55,Pomierzony
0302_2011,5545222.2666,7421897.4234,238.9218,06/06/2011 10:40:00,Pomierzony
0303_2011,5545217.9927,7421896.0183,238.9028,06/06/2011 10:40:05,Pomierzony
0304_2011,5545214.1731,7421893.3986,238.9052,06/06/2011 10:40:10,Pomierzony
0305_2011,5545211.149,7421889.9014,238.8904,06/06/2011 10:40:15,Pomierzony
0306_2011,5545209.4873,7421885.8298,238.8863,06/06/2011 10:40:20,Pomierzony
0307_2011,5545206.8438,7421882.4282,238.9067,06/06/2011 10:40:25,Pomierzony
0308_2011,5545204.0311,7421879.993,238.889,06/06/2011 10:40:30,Pomierzony
0309_2011,5545200.8811,7421878.0366,238.9169,06/06/2011 10:40:35,Pomierzony
0310_2011,5545197.2261,7421876.8506,238.9037,06/06/2011 10:40:40,Pomierzony
0311_2011,5545193.501,7421875.9513,238.9035,06/06/2011 10:40:45,Pomierzony
0312_2011,5545189.6761,7421874.5223,238.8636,06/06/2011 10:40:50,Pomierzony
0313_2011,5545185.7208,7421873.3805,238.8686,06/06/2011 10:40:55,Pomierzony
0314_2011,5545182.8375,7421874.6044,238.8682,06/06/2011 10:41:00,Pomierzony
0315_2011,5545183.0367,7421877.1218,238.8704,06/06/2011 10:41:05,Pomierzony
0316_2011,5545182.9992,7421880.4757,238.8762,06/06/2011 10:41:10,Pomierzony
0317_2011,5545181.7838,7421883.4754,238.8658,06/06/2011 10:41:15,Pomierzony
0318_2011,5545181.0963,7421887.6657,238.8514,06/06/2011 10:41:20,Pomierzony
0319_2011,5545182.0099,7421892.344,238.869,06/06/2011 10:41:25,Pomierzony
0320_2011,5545183.8723,7421897.1119,238.8829,06/06/2011 10:41:30,Pomierzony
0321_2011,5545185.12,7421901.5116,238.8617,06/06/2011 10:41:35,Pomierzony
0322_2011,5545184.2428,7421906.1388,238.8431,06/06/2011 10:41:40,Pomierzony
0323_2011,5545183.492,7421911.2492,238.8676,06/06/2011 10:41:45,Pomierzony
0324_2011,5545182.3849,7421916.0076,238.8636,06/06/2011 10:41:50,Pomierzony
0325_2011,5545180.0704,7421919.5979,238.861,06/06/2011 10:41:55,Pomierzony
0326_2011,5545178.3426,7421924.1717,238.859,06/06/2011 10:42:00,Pomierzony
0327_2011,5545178.4453,7421929.3701,238.8445,06/06/2011 10:42:05,Pomierzony
0328_2011,5545180.6666,7421934.5183,238.862,06/06/2011 10:42:10,Pomierzony
0329_2011,5545183.2661,7421940.1087,238.8664,06/06/2011 10:42:15,Pomierzony
0330_2011,5545182.2877,7421945.0618,238.8775,06/06/2011 10:42:20,Pomierzony
0331_2011,5545179.8264,7421948.9137,238.8877,06/06/2011 10:42:25,Pomierzony
0332_2011,5545177.7763,7421953.4598,238.8759,06/06/2011 10:42:30,Pomierzony
0333_2011,5545175.6489,7421958.1081,238.8639,06/06/2011 10:42:35,Pomierzony
0334_2011,5545175.2115,7421963.4085,238.8788,06/06/2011 10:42:40,Pomierzony
0335_2011,5545175.8144,7421969.1026,238.8815,06/06/2011 10:42:45,Pomierzony
0336_2011,5545175.1302,7421974.6185,238.8996,06/06/2011 10:42:50,Pomierzony
0337_2011,5545173.2942,7421979.4646,238.9049,06/06/2011 10:42:55,Pomierzony
0338_2011,5545170.6927,7421983.7527,238.8813,06/06/2011 10:43:00,Pomierzony
0339_2011,5545168.1104,7421988.1573,238.8948,06/06/2011 10:43:05,Pomierzony
0340_2011,5545165.8242,7421992.9606,238.891,06/06/2011 10:43:10,Pomierzony
0341_2011,5545164.4361,7421998.3696,238.8881,06/06/2011 10:43:15,Pomierzony
0342_2011,5545163.5294,7422004.0753,238.8851,06/06/2011 10:43:20,Pomierzony
0343_2011,5545162.5331,7422009.8579,238.8855,06/06/2011 10:43:25,Pomierzony
0344_2011,5545160.0152,7422014.3046,238.8899,06/06/2011 10:43:30,Pomierzony
0345_2011,5545157.4552,7422018.6907,238.9093,06/06/2011 10:43:35,Pomierzony
0346_2011,5545155.7831,7422023.7144,238.9008,06/06/2011 10:43:40,Pomierzony
0347_2011,5545155.7267,7422029.0599,238.9086,06/06/2011 10:43:45,Pomierzony
0348_2011,5545155.3585,7422034.5983,238.888,06/06/2011 10:43:50,Pomierzony
0349_2011,5545152.5945,7422038.9779,238.8863,06/06/2011 10:43:55,Pomierzony
0350_2011,5545148.7899,7422040.8106,238.9003,06/06/2011 10:44:00,Pomierzony
0351_2011,5545145.1,7422043.5002,238.9018,06/06/2011 10:44:05,Pomierzony
0352_2011,5545143.7295,7422047.6127,238.9022,06/06/2011 10:44:10,Pomierzony
0353_2011,5545141.5391,7422051.6718,238.9219,06/06/2011 10:44:15,Pomierzony
0354_2011,5545137.7359,7422053.874,238.9172,06/06/2011 10:44:20,Pomierzony
0355_2011,5545133.4132,7422053.6746,238.9357,06/06/2011 10:44:25,Pomierzony
0356_2011,5545130.354,7422052.0866,238.9452,06/06/2011 10:44:30,Pomierzony
0357_2011,5545128.8331,7422051.1616,238.9467,06/06/2011 10:44:35,Pomierzony
0358_2011,5545127.8164,7422050.5883,238.8936,06/06/2011 10:44:40,Pomierzony
0359_2011,5545127.2294,7422050.007,238.9168,06/06/2011 10:44:45,Pomierzony
0360_2011,5545127.0634,7422049.9022,238.8839,06/06/2011 10:44:50,Pomierzony
0361_2011,5545126.836,7422049.8482,238.8872,06/06/2011 10:44:55,Pomierzony
0362_2011,5545126.9776,7422049.9669,238.9488,06/06/2011 10:45:00,Pomierzony
0363_2011,5545127.1839,7422050.039,238.9637,06/06/2011 10:45:05,Pomierzony
0364_2011,5545126.9943,7422049.7767,238.9371,06/06/2011 10:45:10,Pomierzony
0365_2011,5545126.8248,7422049.7015,238.9284,06/06/2011 10:45:15,Pomierzony
0366_2011,5545126.9327,7422049.8011,238.8812,06/06/2011 10:45:20,Pomierzony
0367_2011,5545127.0044,7422049.7404,238.8631,06/06/2011 10:45:25,Pomierzony
0368_2011,5545127.0783,7422049.8136,238.8801,06/06/2011 10:45:30,Pomierzony
0369_2011,5545127.7833,7422049.9925,238.8965,06/06/2011 10:45:35,Pomierzony
0370_2011,5545128.5269,7422050.0347,238.9287,06/06/2011 10:45:40,Pomierzony
0371_2011,5545129.3134,7422050.2437,238.9281,06/06/2011 10:45:45,Pomierzony
0372_2011,5545130.0689,7422050.4743,238.8923,06/06/2011 10:45:50,Pomierzony
0373_2011,5545130.6328,7422050.7788,238.9017,06/06/2011 10:45:55,Pomierzony
0374_2011,5545130.8181,7422051.1552,238.9122,06/06/2011 10:46:00,Pomierzony
0375_2011,5545130.7525,7422051.5045,238.9141,06/06/2011 10:46:05,Pomierzony
0376_2011,5545130.771,7422051.756,238.8929,06/06/2011 10:46:10,Pomierzony
0377_2011,5545130.6195,7422051.7472,238.8916,06/06/2011 10:46:15,Pomierzony
0378_2011,5545130.6947,7422051.5651,238.9078,06/06/2011 10:46:20,Pomierzony
0379_2011,5545130.9738,7422051.5261,238.9037,06/06/2011 10:46:25,Pomierzony
0380_2011,5545131.4112,7422051.5753,238.9045,06/06/2011 10:46:30,Pomierzony
0381_2011,5545131.9725,7422051.8021,238.9131,06/06/2011 10:46:35,Pomierzony
0382_2011,5545132.5933,7422052.2204,238.9113,06/06/2011 10:46:40,Pomierzony
0383_2011,5545133.1963,7422052.8256,238.881,06/06/2011 10:46:45,Pomierzony
0384_2011,5545133.7067,7422053.689,238.8958,06/06/2011 10:46:50,Pomierzony
0385_2011,5545134.1762,7422054.9584,238.8811,06/06/2011 10:46:55,Pomierzony
0386_2011,5545134.6066,7422056.3636,238.8798,06/06/2011 10:47:00,Pomierzony
0387_2011,5545134.9712,7422057.8236,238.8932,06/06/2011 10:47:05,Pomierzony
0388_2011,5545135.2933,7422059.1637,238.88,06/06/2011 10:47:10,Pomierzony
0389_2011,5545135.5274,7422060.3263,238.906,06/06/2011 10:47:15,Pomierzony
0390_2011,5545135.7182,7422061.3171,238.8826,06/06/2011 10:47:20,Pomierzony
0391_2011,5545135.8692,7422062.1661,238.8875,06/06/2011 10:47:25,Pomierzony
0392_2011,5545136.0103,7422062.8642,238.8661,06/06/2011 10:47:30,Pomierzony
0393_2011,5545136.3743,7422063.6466,238.8898,06/06/2011 10:47:35,Pomierzony
0394_2011,5545136.6674,7422064.3314,238.9069,06/06/2011 10:47:40,Pomierzony
0395_2011,5545136.9044,7422064.9222,238.9183,06/06/2011 10:47:45,Pomierzony
0396_2011,5545137.1103,7422065.4074,238.8758,06/06/2011 10:47:50,Pomierzony
0397_2011,5545137.2625,7422065.7863,238.8738,06/06/2011 10:47:55,Pomierzony
0398_2011,5545137.386,7422066.068,238.8818,06/06/2011 10:48:00,Pomierzony
0399_2011,5545137.4779,7422066.2822,238.8855,06/06/2011 10:48:05,Pomierzony
0400_2011,5545137.5552,7422066.2371,238.8513,06/06/2011 10:48:10,Pomierzony
0401_2011,5545137.9131,7422066.1202,238.8536,06/06/2011 10:48:15,Pomierzony
0402_2011,5545138.5048,7422066.2166,238.8045,06/06/2011 10:48:20,Pomierzony
0403_2011,5545139.0004,7422066.3229,238.8499,06/06/2011 10:48:25,Pomierzony
0404_2011,5545139.3695,7422066.3994,238.9069,06/06/2011 10:48:30,Pomierzony
0405_2011,5545139.7395,7422066.4632,238.87,06/06/2011 10:48:35,Pomierzony
0406_2011,5545140.0597,7422066.5204,238.88,06/06/2011 10:48:40,Pomierzony
0407_2011,5545140.2752,7422066.3979,238.9069,06/06/2011 10:48:45,Pomierzony
0408_2011,5545140.2206,7422065.6359,238.9019,06/06/2011 10:48:50,Pomierzony
0409_2011,5545140.5232,7422064.8293,238.9937,06/06/2011 10:48:55,Pomierzony
0410_2011,5545141.0282,7422063.857,238.9847,06/06/2011 10:49:00,Pomierzony
0411_2011,5545141.8922,7422063.2291,239.0311,06/06/2011 10:49:05,Pomierzony
0412_2011,5545142.911,7422062.9265,239.1708,06/06/2011 10:49:10,Pomierzony
0413_2011,5545143.8389,7422062.8979,239.1612,06/06/2011 10:49:15,Pomierzony
0414_2011,5545144.6981,7422062.8386,238.9008,06/06/2011 10:49:20,Pomierzony
0415_2011,5545145.5689,7422062.6117,238.8994,06/06/2011 10:49:25,Pomierzony
0416_2011,5545146.4046,7422062.4198,238.8821,06/06/2011 10:49:30,Pomierzony
0417_2011,5545147.2649,7422062.2954,238.9074,06/06/2011 10:49:35,Pomierzony
0418_2011,5545148.8344,7422062.1416,238.9201,06/06/2011 10:49:45,Pomierzony
0419_2011,5545149.7009,7422062.168,238.8834,06/06/2011 10:49:50,Pomierzony
0420_2011,5545150.5737,7422062.1718,238.8748,06/06/2011 10:49:55,Pomierzony
0421_2011,5545151.3394,7422062.2005,238.872,06/06/2011 10:50:00,Pomierzony
0422_2011,5545152.0927,7422062.2328,238.9186,06/06/2011 10:50:05,Pomierzony
0423_2011,5545152.9428,7422061.1784,239.0275,06/06/2011 10:50:10,Pomierzony
0424_2011,5545154.7185,7422060.2528,239.2069,06/06/2011 10:50:15,Pomierzony
0425_2011,5545156.3712,7422060.8268,239.4565,06/06/2011 10:50:20,Pomierzony
0426_2011,5545157.8675,7422061.4841,239.7707,06/06/2011 10:50:25,Pomierzony
0427_2011,5545159.2572,7422062.1416,240.201,06/06/2011 10:50:30,Pomierzony
0428_2011,5545160.7521,7422062.7328,240.6956,06/06/2011 10:50:35,Pomierzony
0429_2011,5545162.7341,7422063.7029,241.3038,06/06/2011 10:50:40,Pomierzony
0430_2011,5545165.8337,7422064.9506,241.9973,06/06/2011 10:50:45,Pomierzony
0431_2011,5545169.4372,7422065.9608,242.7931,06/06/2011 10:50:50,Pomierzony
0432_2011,5545173.1196,7422066.9624,243.6796,06/06/2011 10:50:55,Pomierzony
0433_2011,5545177.3283,7422067.7516,243.6124,06/06/2011 10:51:00,Pomierzony
0434_2011,5545183.2456,7422069.1128,235.7569,06/06/2011 10:51:05,Pomierzony
0435_2011,5545188.7658,7422069.2796,237.0636,06/06/2011 10:51:10,Nawigacyjny
0436_2011,5545190.1452,7422070.0166,239.7489,06/06/2011 10:51:15,Pomierzony
0437_2011,5545194.3591,7422069.539,239.6393,06/06/2011 10:51:20,Pomierzony
0438_2011,5545198.6948,7422069.3264,239.2379,06/06/2011 10:51:25,Pomierzony
0439_2011,5545202.9163,7422070.0363,238.8675,06/06/2011 10:51:30,Pomierzony
0440_2011,5545206.932,7422071.233,238.8949,06/06/2011 10:51:35,Pomierzony
0441_2011,5545210.667,7422073.0017,238.8816,06/06/2011 10:51:40,Pomierzony
0442_2011,5545214.2935,7422074.9594,238.8907,06/06/2011 10:51:45,Pomierzony
0443_2011,5545217.6567,7422077.0443,238.8974,06/06/2011 10:51:50,Pomierzony
0444_2011,5545220.9231,7422079.143,238.9112,06/06/2011 10:51:55,Pomierzony
0445_2011,5545224.2759,7422080.7635,238.8941,06/06/2011 10:52:00,Pomierzony
0446_2011,5545227.9456,7422081.84,238.8824,06/06/2011 10:52:05,Pomierzony
0447_2011,5545231.9268,7422082.6078,238.8876,06/06/2011 10:52:10,Pomierzony
0448_2011,5545235.9178,7422083.0503,238.8817,06/06/2011 10:52:15,Pomierzony
0449_2011,5545239.719,7422082.9924,238.8981,06/06/2011 10:52:20,Pomierzony
0450_2011,5545242.3419,7422081.479,238.8845,06/06/2011 10:52:25,Pomierzony
0451_2011,5545245.8669,7422080.4389,238.8824,06/06/2011 10:52:30,Pomierzony
0452_2011,5545249.9805,7422080.6113,238.895,06/06/2011 10:52:35,Pomierzony
0453_2011,5545254.2136,7422081.2235,238.8916,06/06/2011 10:52:40,Pomierzony
0454_2011,5545258.3259,7422082.3684,238.8838,06/06/2011 10:52:45,Pomierzony
0455_2011,5545262.4071,7422083.3704,238.8894,06/06/2011 10:52:50,Pomierzony
0456_2011,5545266.4506,7422084.5018,238.8836,06/06/2011 10:52:55,Pomierzony
0457_2011,5545270.5136,7422085.7223,238.8929,06/06/2011 10:53:00,Pomierzony
0458_2011,5545274.8991,7422086.874,238.8948,06/06/2011 10:53:05,Pomierzony
0459_2011,5545279.219,7422086.9582,238.8702,06/06/2011 10:53:10,Pomierzony
0460_2011,5545282.3019,7422085.9521,238.8892,06/06/2011 10:53:15,Pomierzony
0461_2011,5545284.4729,7422084.5913,238.8771,06/06/2011 10:53:20,Pomierzony
0462_2011,5545287.0167,7422082.9991,238.8621,06/06/2011 10:53:25,Pomierzony
0463_2011,5545288.7376,7422080.6175,238.8977,06/06/2011 10:53:30,Pomierzony
0464_2011,5545289.9039,7422077.8642,238.9158,06/06/2011 10:53:35,Pomierzony
0465_2011,5545291.0134,7422075.0193,238.8826,06/06/2011 10:53:40,Pomierzony
0466_2011,5545291.9199,7422072.0523,238.8585,06/06/2011 10:53:45,Pomierzony
0467_2011,5545292.7207,7422068.978,238.8741,06/06/2011 10:53:50,Pomierzony
0468_2011,5545293.2431,7422065.856,238.8838,06/06/2011 10:53:55,Pomierzony
0469_2011,5545293.0523,7422062.1498,238.8783,06/06/2011 10:54:00,Pomierzony
0470_2011,5545294.2797,7422058.5797,238.8953,06/06/2011 10:54:05,Pomierzony
0471_2011,5545296.4883,7422055.6107,238.912,06/06/2011 10:54:10,Pomierzony
0472_2011,5545298.2942,7422052.9599,238.879,06/06/2011 10:54:15,Pomierzony
0473_2011,5545300.3794,7422050.7493,238.8737,06/06/2011 10:54:20,Pomierzony
0474_2011,5545301.4266,7422047.8984,238.883,06/06/2011 10:54:25,Pomierzony
0475_2011,5545303.2226,7422044.7234,238.8815,06/06/2011 10:54:30,Pomierzony
0476_2011,5545305.2081,7422041.1536,238.8738,06/06/2011 10:54:35,Pomierzony
0477_2011,5545307.3392,7422037.6704,238.8853,06/06/2011 10:54:40,Pomierzony
0478_2011,5545309.261,7422034.0474,238.8847,06/06/2011 10:54:45,Pomierzony
0479_2011,5545310.4107,7422030.286,238.8614,06/06/2011 10:54:50,Pomierzony
0480_2011,5545310.3048,7422025.7581,238.8456,06/06/2011 10:54:55,Pomierzony
0481_2011,5545312.6096,7422021.6663,238.8777,06/06/2011 10:55:00,Pomierzony
0482_2011,5545316.0269,7422018.3881,238.8918,06/06/2011 10:55:05,Pomierzony
0483_2011,5545320.337,7422016.3423,238.8661,06/06/2011 10:55:10,Pomierzony
0484_2011,5545324.8972,7422015.2783,238.885,06/06/2011 10:55:15,Pomierzony
0485_2011,5545329.344,7422013.9493,238.8496,06/06/2011 10:55:20,Pomierzony
0486_2011,5545333.0779,7422011.6726,238.8862,06/06/2011 10:55:25,Pomierzony
0487_2011,5545335.7658,7422008.6328,238.8731,06/06/2011 10:55:30,Pomierzony
0488_2011,5545337.3094,7422005.1462,238.8614,06/06/2011 10:55:35,Pomierzony
0489_2011,5545338.4917,7422001.5632,238.867,06/06/2011 10:55:40,Pomierzony
0490_2011,5545339.6089,7421998.012,238.8744,06/06/2011 10:55:45,Pomierzony
0491_2011,5545340.4082,7421994.6269,238.8741,06/06/2011 10:55:50,Pomierzony
0492_2011,5545340.1953,7421991.1332,238.8654,06/06/2011 10:55:55,Pomierzony
0493_2011,5545340.043,7421987.76,238.876,06/06/2011 10:56:00,Pomierzony
0494_2011,5545339.7425,7421984.6182,238.8926,06/06/2011 10:56:05,Pomierzony
0495_2011,5545338.1415,7421981.8785,238.8732,06/06/2011 10:56:10,Pomierzony
0496_2011,5545336.345,7421978.6519,238.8858,06/06/2011 10:56:15,Pomierzony
0497_2011,5545337.0894,7421975.3172,238.8695,06/06/2011 10:56:20,Pomierzony
0498_2011,5545339.0494,7421971.9708,238.8872,06/06/2011 10:56:25,Pomierzony
0499_2011,5545341.9698,7421968.9081,238.9043,06/06/2011 10:56:30,Pomierzony
0500_2011,5545345.0249,7421966.0202,238.9049,06/06/2011 10:56:35,Pomierzony
0501_2011,5545348.1569,7421963.2372,238.8733,06/06/2011 10:56:40,Pomierzony
0502_2011,5545351.5263,7421960.3686,238.9128,06/06/2011 10:56:45,Pomierzony
0503_2011,5545353.7738,7421957.2976,238.889,06/06/2011 10:56:50,Pomierzony
0504_2011,5545354.8618,7421954.1963,238.894,06/06/2011 10:56:55,Pomierzony
0505_2011,5545355.3704,7421950.9436,238.8755,06/06/2011 10:57:00,Pomierzony
0506_2011,5545355.4798,7421947.4332,238.9114,06/06/2011 10:57:05,Pomierzony
0507_2011,5545355.0383,7421944.0762,238.916,06/06/2011 10:57:10,Pomierzony
0508_2011,5545354.0453,7421941.5254,238.9081,06/06/2011 10:57:15,Pomierzony
0509_2011,5545352.9727,7421939.7165,238.8981,06/06/2011 10:57:20,Pomierzony
0510_2011,5545352.2068,7421938.207,238.8943,06/06/2011 10:57:25,Pomierzony
0511_2011,5545350.9953,7421936.728,238.8964,06/06/2011 10:57:30,Pomierzony
0512_2011,5545349.6864,7421935.354,238.9285,06/06/2011 10:57:35,Pomierzony
0513_2011,5545348.7126,7421933.9158,238.9189,06/06/2011 10:57:40,Pomierzony
0514_2011,5545347.989,7421932.6031,238.9068,06/06/2011 10:57:45,Pomierzony
0515_2011,5545346.4462,7421931.8923,238.9097,06/06/2011 10:57:50,Pomierzony
0516_2011,5545344.6611,7421930.5105,238.8835,06/06/2011 10:57:55,Pomierzony
0517_2011,5545343.0878,7421928.1323,238.9077,06/06/2011 10:58:00,Pomierzony
0518_2011,5545308.3114,7422008.509,-61.2299,06/06/2011 10:58:05,Pomierzony
0519_2011,5545339.1401,7421923.2269,238.8996,06/06/2011 10:58:10,Pomierzony
0520_2011,5545336.7234,7421920.7757,238.8951,06/06/2011 10:58:15,Pomierzony
0521_2011,5545334.3267,7421918.0839,238.9136,06/06/2011 10:58:20,Pomierzony
0522_2011,5545331.8736,7421915.1078,238.9128,06/06/2011 10:58:25,Pomierzony
0523_2011,5545328.9421,7421912.6335,238.8958,06/06/2011 10:58:30,Pomierzony
0524_2011,5545326.1046,7421910.2621,238.9014,06/06/2011 10:58:35,Pomierzony
0525_2011,5545323.2729,7421908.0347,238.9132,06/06/2011 10:58:40,Pomierzony
0526_2011,5545320.5112,7421906.0109,238.8805,06/06/2011 10:58:45,Pomierzony
0527_2011,5545317.5082,7421903.8634,238.8683,06/06/2011 10:58:50,Pomierzony
0528_2011,5545314.3086,7421901.3556,238.887,06/06/2011 10:58:55,Pomierzony
0529_2011,5545310.6831,7421899.8315,238.8973,06/06/2011 10:59:00,Pomierzony
0530_2011,5545307.1372,7421899.5818,238.8733,06/06/2011 10:59:05,Pomierzony
0531_2011,5545303.8246,7421899.9366,238.8744,06/06/2011 10:59:10,Pomierzony
0532_2011,5545300.4049,7421899.9528,238.8901,06/06/2011 10:59:15,Pomierzony
0533_2011,5545297.3496,7421898.2084,238.8688,06/06/2011 10:59:20,Pomierzony
0534_2011,5545294.4246,7421895.8772,238.8917,06/06/2011 10:59:25,Pomierzony
0535_2011,5545291.6329,7421893.285,238.8873,06/06/2011 10:59:30,Pomierzony
0536_2011,5545288.6391,7421890.9094,238.886,06/06/2011 10:59:35,Pomierzony
0537_2011,5545285.4353,7421889.0434,238.8787,06/06/2011 10:59:40,Pomierzony
0538_2011,5545282.262,7421887.5595,238.8972,06/06/2011 10:59:45,Pomierzony
0539_2011,5545278.9175,7421886.701,238.88,06/06/2011 10:59:50,Pomierzony
0540_2011,5545275.8147,7421887.2121,238.8734,06/06/2011 10:59:55,Pomierzony
0541_2011,5545272.8618,7421888.356,238.8829,06/06/2011 11:00:00,Pomierzony
0542_2011,5545269.8093,7421889.0934,238.8869,06/06/2011 11:00:05,Pomierzony
0543_2011,5545266.9274,7421890.0509,238.8815,06/06/2011 11:00:10,Pomierzony
0544_2011,5545263.9439,7421891.2234,238.8852,06/06/2011 11:00:15,Pomierzony
0545_2011,5545261.3048,7421891.9628,238.8681,06/06/2011 11:00:20,Pomierzony
0546_2011,5545259.2143,7421892.8657,238.9005,06/06/2011 11:00:25,Pomierzony
0547_2011,5545257.8481,7421894.6455,238.8684,06/06/2011 11:00:30,Pomierzony
0548_2011,5545256.039,7421897.5769,238.8913,06/06/2011 11:00:35,Pomierzony
0549_2011,5545253.765,7421898.7354,238.8693,06/06/2011 11:00:40,Pomierzony
0550_2011,5545252.0061,7421897.6128,238.8568,06/06/2011 11:00:45,Pomierzony
0551_2011,5545249.9363,7421896.0137,238.9018,06/06/2011 11:00:50,Pomierzony
0552_2011,5545248.4183,7421893.4836,238.8928,06/06/2011 11:00:55,Pomierzony
0553_2011,5545246.8882,7421890.8317,238.8956,06/06/2011 11:01:00,Pomierzony
0554_2011,5545245.7105,7421887.6071,238.8873,06/06/2011 11:01:05,Pomierzony
0555_2011,5545244.8127,7421883.7425,238.8828,06/06/2011 11:01:10,Pomierzony
0556_2011,5545243.4832,7421880.1611,238.8898,06/06/2011 11:01:15,Pomierzony
0557_2011,5545241.2588,7421877.9831,238.8879,06/06/2011 11:01:20,Pomierzony
0558_2011,5545238.7197,7421876.933,238.9016,06/06/2011 11:01:25,Pomierzony
0559_2011,5545236.1291,7421876.5517,238.8835,06/06/2011 11:01:30,Pomierzony
0560_2011,5545233.8083,7421876.2106,238.9019,06/06/2011 11:01:35,Pomierzony
0561_2011,5545231.5893,7421876.2499,238.8916,06/06/2011 11:01:40,Pomierzony
0562_2011,5545229.176,7421876.515,238.8614,06/06/2011 11:01:45,Pomierzony
0563_2011,5545226.5642,7421876.0999,238.8972,06/06/2011 11:01:50,Pomierzony
0564_2011,5545223.4786,7421875.0337,238.8831,06/06/2011 11:01:55,Pomierzony
0565_2011,5545220.2325,7421873.3946,238.8942,06/06/2011 11:02:00,Pomierzony
0566_2011,5545216.8371,7421871.2601,238.8872,06/06/2011 11:02:05,Pomierzony
0567_2011,5545213.4767,7421868.8884,238.8887,06/06/2011 11:02:10,Pomierzony
0568_2011,5545209.9945,7421866.9565,238.905,06/06/2011 11:02:15,Pomierzony
0569_2011,5545206.6102,7421864.774,238.8661,06/06/2011 11:02:20,Pomierzony
0570_2011,5545203.4493,7421862.2868,238.9141,06/06/2011 11:02:25,Pomierzony
0571_2011,5545200.0688,7421860.2332,238.8776,06/06/2011 11:02:30,Pomierzony
0572_2011,5545196.3269,7421858.924,238.8933,06/06/2011 11:02:35,Pomierzony
0573_2011,5545192.6764,7421858.2826,238.9018,06/06/2011 11:02:40,Pomierzony
0574_2011,5545189.8408,7421859.1037,238.8895,06/06/2011 11:02:45,Pomierzony
0575_2011,5545186.7919,7421860.7027,238.8968,06/06/2011 11:02:50,Pomierzony
0576_2011,5545183.1083,7421862.1387,238.9084,06/06/2011 11:02:55,Pomierzony
0577_2011,5545180.1108,7421864.4681,238.9008,06/06/2011 11:03:00,Pomierzony
0578_2011,5545178.6172,7421867.2462,238.9014,06/06/2011 11:03:05,Pomierzony
0579_2011,5545177.8748,7421870.2009,238.8941,06/06/2011 11:03:10,Pomierzony
0580_2011,5545176.5023,7421873.2109,238.8928,06/06/2011 11:03:15,Pomierzony
0581_2011,5545174.1963,7421876.2242,238.8941,06/06/2011 11:03:20,Pomierzony
0582_2011,5545171.6007,7421879.1509,238.9198,06/06/2011 11:03:25,Pomierzony
0583_2011,5545169.0801,7421882.1252,238.9027,06/06/2011 11:03:30,Pomierzony
0584_2011,5545166.9424,7421885.3857,238.9168,06/06/2011 11:03:35,Pomierzony
0585_2011,5545165.5234,7421889.0259,238.9017,06/06/2011 11:03:40,Pomierzony
0586_2011,5545164.7799,7421892.9122,238.8977,06/06/2011 11:03:45,Pomierzony
0587_2011,5545163.8186,7421896.5942,238.893,06/06/2011 11:03:50,Pomierzony
0588_2011,5545163.2348,7421900.5489,238.8751,06/06/2011 11:03:55,Pomierzony
0589_2011,5545162.573,7421904.475,238.8907,06/06/2011 11:04:00,Pomierzony
0590_2011,5545161.174,7421908.1891,238.8926,06/06/2011 11:04:05,Pomierzony
0591_2011,5545160.0738,7421912.1074,238.8777,06/06/2011 11:04:10,Pomierzony
0592_2011,5545158.663,7421915.7583,238.882,06/06/2011 11:04:15,Pomierzony
0593_2011,5545157.1784,7421919.4818,238.8821,06/06/2011 11:04:20,Pomierzony
0594_2011,5545156.0846,7421923.4434,238.875,06/06/2011 11:04:25,Pomierzony
0595_2011,5545154.7587,7421927.4407,238.8739,06/06/2011 11:04:30,Pomierzony
0596_2011,5545153.0315,7421931.4627,238.8902,06/06/2011 11:04:35,Pomierzony
0597_2011,5545151.5269,7421935.4633,238.8876,06/06/2011 11:04:40,Pomierzony
0598_2011,5545150.5761,7421939.516,238.8953,06/06/2011 11:04:45,Pomierzony
0599_2011,5545149.9607,7421943.6685,238.8813,06/06/2011 11:04:50,Pomierzony
0600_2011,5545149.3729,7421947.8225,238.8481,06/06/2011 11:04:55,Pomierzony
0601_2011,5545148.4673,7421951.7164,238.8615,06/06/2011 11:05:00,Pomierzony
0602_2011,5545148.1631,7421955.9532,238.8823,06/06/2011 11:05:05,Pomierzony
0603_2011,5545149.189,7421960.4577,238.8597,06/06/2011 11:05:10,Pomierzony
0604_2011,5545150.0036,7421964.8028,238.8736,06/06/2011 11:05:15,Pomierzony
0605_2011,5545151.0476,7421969.0304,238.8813,06/06/2011 11:05:20,Pomierzony
0606_2011,5545151.5766,7421973.737,238.8761,06/06/2011 11:05:25,Pomierzony
0607_2011,5545151.4284,7421978.3199,238.8725,06/06/2011 11:05:30,Pomierzony
0608_2011,5545150.6164,7421982.6746,238.8732,06/06/2011 11:05:35,Pomierzony
0609_2011,5545151.8978,7421987.1187,238.8763,06/06/2011 11:05:40,Pomierzony
0610_2011,5545154.3704,7421990.9063,238.8767,06/06/2011 11:05:45,Pomierzony
0611_2011,5545157.8819,7421992.5783,238.8619,06/06/2011 11:05:50,Pomierzony
0612_2011,5545161.7686,7421995.2826,238.869,06/06/2011 11:05:55,Pomierzony
0613_2011,5545163.4567,7421998.8428,238.8611,06/06/2011 11:06:00,Pomierzony
0614_2011,5545165.0255,7422002.76,238.8595,06/06/2011 11:06:05,Pomierzony
0615_2011,5545165.4962,7422006.5547,238.8654,06/06/2011 11:06:10,Pomierzony
0616_2011,5545165.0221,7422010.385,238.8729,06/06/2011 11:06:15,Pomierzony
0617_2011,5545164.0905,7422014.3928,238.8597,06/06/2011 11:06:20,Pomierzony
0618_2011,5545162.5489,7422018.1619,238.8925,06/06/2011 11:06:25,Pomierzony
0619_2011,5545161.7515,7422022.2331,238.8911,06/06/2011 11:06:30,Pomierzony
0620_2011,5545161.5753,7422026.2379,238.8587,06/06/2011 11:06:35,Pomierzony
0621_2011,5545160.8519,7422030.1488,238.8796,06/06/2011 11:06:40,Pomierzony
0622_2011,5545159.4461,7422033.5235,238.866,06/06/2011 11:06:45,Pomierzony
0623_2011,5545157.7236,7422036.6103,238.8857,06/06/2011 11:06:50,Pomierzony
0624_2011,5545156.2238,7422039.8933,238.8724,06/06/2011 11:06:55,Pomierzony
0625_2011,5545154.6731,7422043.0756,238.9124,06/06/2011 11:07:00,Pomierzony
0626_2011,5545152.5341,7422045.7933,238.8769,06/06/2011 11:07:05,Pomierzony
0627_2011,5545149.672,7422048.4467,238.8904,06/06/2011 11:07:10,Pomierzony
0628_2011,5545146.1862,7422050.4445,238.8839,06/06/2011 11:07:15,Pomierzony
0629_2011,5545142.4902,7422052.8335,238.9067,06/06/2011 11:07:20,Pomierzony
0630_2011,5545138.7041,7422054.6399,238.9553,06/06/2011 11:07:25,Pomierzony
0631_2011,5545136.1287,7422054.5085,238.8853,06/06/2011 11:07:30,Pomierzony
0632_2011,5545134.7795,7422053.6583,238.8986,06/06/2011 11:07:35,Pomierzony
0633_2011,5545133.4738,7422052.9017,238.9126,06/06/2011 11:07:40,Pomierzony
0634_2011,5545132.845,7422051.0803,238.8623,06/06/2011 11:07:45,Pomierzony
0635_2011,5545132.0359,7422048.9469,238.8734,06/06/2011 11:07:50,Pomierzony
0636_2011,5545131.0522,7422046.9311,238.8902,06/06/2011 11:07:55,Pomierzony
0637_2011,5545130.2167,7422046.0152,238.8853,06/06/2011 11:08:00,Pomierzony
0638_2011,5545130.1642,7422046.0845,238.8773,06/06/2011 11:08:05,Pomierzony
0639_2011,5545130.2006,7422046.0776,238.8711,06/06/2011 11:08:10,Pomierzony
0640_2011,5545130.24,7422046.1748,238.8968,06/06/2011 11:08:15,Pomierzony
0641_2011,5545130.1213,7422046.2951,238.9187,06/06/2011 11:08:20,Pomierzony
0642_2011,5545129.9061,7422045.9147,238.9779,06/06/2011 11:08:30,Pomierzony
0643_2011,5545129.8484,7422045.6861,238.9556,06/06/2011 11:08:35,Pomierzony
0644_2011,5545129.7958,7422045.598,238.9539,06/06/2011 11:08:40,Pomierzony
0645_2011,5545160.0522,7422050.486,238.7783,06/06/2011 11:10:50,Pomierzony
0646_2011,5545163.0463,7422046.4353,238.7376,06/06/2011 11:10:55,Pomierzony
0647_2011,5545166.4634,7422042.7409,238.713,06/06/2011 11:11:00,Pomierzony
0648_2011,5545169.7293,7422039.6411,238.9126,06/06/2011 11:11:05,Pomierzony
0649_2011,5545171.7445,7422035.6338,238.8885,06/06/2011 11:11:10,Pomierzony
0650_2011,5545173.1523,7422031.0898,238.8807,06/06/2011 11:11:15,Pomierzony
0651_2011,5545173.904,7422026.4837,238.8955,06/06/2011 11:11:20,Pomierzony
0652_2011,5545173.8663,7422021.7685,238.8775,06/06/2011 11:11:25,Pomierzony
0653_2011,5545174.172,7422016.8026,238.9018,06/06/2011 11:11:30,Pomierzony
0654_2011,5545172.5228,7422013.1931,238.882,06/06/2011 11:11:35,Pomierzony
0655_2011,5545169.5373,7422005.2045,238.8872,06/06/2011 11:11:45,Pomierzony
0656_2011,5545167.998,7422001.4608,238.9121,06/06/2011 11:11:50,Pomierzony
0657_2011,5545164.467,7421998.6813,238.8813,06/06/2011 11:11:55,Pomierzony
0658_2011,5545161.8592,7421990.084,238.8809,06/06/2011 11:12:05,Pomierzony
0659_2011,5545161.7661,7421985.3397,238.892,06/06/2011 11:12:10,Pomierzony
0660_2011,5545160.4426,7421980.8338,238.9259,06/06/2011 11:12:15,Pomierzony
0661_2011,5545155.1006,7421974.3457,238.907,06/06/2011 11:12:25,Pomierzony
0662_2011,5545151.0533,7421971.8478,238.9012,06/06/2011 11:12:30,Pomierzony
0663_2011,5545146.402,7421972.5641,238.9118,06/06/2011 11:12:35,Pomierzony
0664_2011,5545142.0604,7421971.7866,238.924,06/06/2011 11:12:40,Pomierzony
0665_2011,5545138.8854,7421968.7141,238.9076,06/06/2011 11:12:45,Pomierzony
0666_2011,5545135.6813,7421965.5232,238.9184,06/06/2011 11:12:50,Pomierzony
0667_2011,5545131.8568,7421963.3888,238.8971,06/06/2011 11:12:55,Pomierzony
0668_2011,5545128.9064,7421961.7979,238.9346,06/06/2011 11:13:00,Pomierzony
0669_2011,5545126.4736,7421961.7356,238.9011,06/06/2011 11:13:05,Pomierzony
0670_2011,5545123.9496,7421963.2461,238.9063,06/06/2011 11:13:10,Pomierzony
0671_2011,5545121.3845,7421963.265,238.9197,06/06/2011 11:13:15,Pomierzony
0672_2011,5545118.7208,7421962.2977,238.9169,06/06/2011 11:13:20,Pomierzony
0673_2011,5545119.1937,7421960.8019,238.9159,06/06/2011 11:13:25,Pomierzony
0674_2011,5545123.5652,7421954.9166,238.9115,06/06/2011 11:13:35,Pomierzony
0675_2011,5545126.9667,7421952.9472,238.9038,06/06/2011 11:13:40,Pomierzony
0676_2011,5545130.6966,7421950.1175,238.9216,06/06/2011 11:13:45,Pomierzony
0677_2011,5545130.9101,7421948.175,238.9132,06/06/2011 11:13:50,Pomierzony
0678_2011,5545128.6214,7421946.2763,238.9309,06/06/2011 11:13:55,Pomierzony
0679_2011,5545125.4811,7421944.2018,238.9204,06/06/2011 11:14:00,Pomierzony
0680_2011,5545121.5181,7421944.6581,238.9072,06/06/2011 11:14:05,Pomierzony
0681_2011,5545116.8221,7421945.329,238.9109,06/06/2011 11:14:10,Pomierzony
0682_2011,5545112.6328,7421946.7888,238.9355,06/06/2011 11:14:15,Pomierzony
0683_2011,5545109.6404,7421949.9231,238.9462,06/06/2011 11:14:20,Pomierzony
0684_2011,5545106.405,7421951.5039,238.9171,06/06/2011 11:14:25,Pomierzony
0685_2011,5545101.5318,7421953.2074,238.8953,06/06/2011 11:14:30,Pomierzony
0686_2011,5545100.1157,7421951.3749,238.8996,06/06/2011 11:14:35,Pomierzony
0687_2011,5545099.2872,7421947.6909,238.9387,06/06/2011 11:14:40,Pomierzony
0688_2011,5545099.0308,7421943.1973,238.9096,06/06/2011 11:14:45,Pomierzony
0689_2011,5545100.1866,7421938.3588,238.9449,06/06/2011 11:14:50,Pomierzony
0690_2011,5545101.344,7421933.3245,238.9194,06/06/2011 11:14:55,Pomierzony
0691_2011,5545099.7439,7421929.7661,238.8953,06/06/2011 11:15:00,Pomierzony
0692_2011,5545099.6962,7421925.8645,238.9199,06/06/2011 11:15:05,Pomierzony
0693_2011,5545101.255,7421921.6846,238.8902,06/06/2011 11:15:10,Pomierzony
0694_2011,5545103.6225,7421917.32,238.8943,06/06/2011 11:15:15,Pomierzony
0695_2011,5545105.0879,7421912.8199,238.8903,06/06/2011 11:15:20,Pomierzony
0696_2011,5545103.8165,7421909.9489,238.8832,06/06/2011 11:15:25,Pomierzony
0697_2011,5545103.8073,7421906.2789,238.8935,06/06/2011 11:15:30,Pomierzony
0698_2011,5545105.6141,7421902.6154,238.9041,06/06/2011 11:15:35,Pomierzony
0699_2011,5545109.6528,7421900.6572,238.9264,06/06/2011 11:15:40,Pomierzony
0700_2011,5545113.0113,7421897.3192,239.0004,06/06/2011 11:15:45,Pomierzony
0701_2011,5545114.6636,7421892.8742,239.041,06/06/2011 11:15:50,Pomierzony
0702_2011,5545114.2521,7421887.1795,238.7628,06/06/2011 11:15:55,Pomierzony
0703_2011,5545116.1875,7421881.8651,238.9142,06/06/2011 11:16:00,Pomierzony
0704_2011,5545120.0087,7421879.0363,238.9209,06/06/2011 11:16:05,Pomierzony
0705_2011,5545125.1765,7421877.3928,238.9311,06/06/2011 11:16:10,Pomierzony
0706_2011,5545131.5167,7421876.5934,238.892,06/06/2011 11:16:15,Pomierzony
0707_2011,5545136.8915,7421873.6294,238.9214,06/06/2011 11:16:20,Pomierzony
0708_2011,5545140.0043,7421870.4132,238.9189,06/06/2011 11:16:25,Pomierzony
0709_2011,5545138.7904,7421867.608,238.9144,06/06/2011 11:16:30,Pomierzony
0710_2011,5545140.6018,7421863.7889,238.9486,06/06/2011 11:16:35,Pomierzony
0711_2011,5545144.9265,7421862.1967,238.9177,06/06/2011 11:16:40,Pomierzony
0712_2011,5545150.3019,7421862.7037,238.9249,06/06/2011 11:16:45,Pomierzony
0713_2011,5545155.6123,7421864.4443,238.9445,06/06/2011 11:16:50,Pomierzony
0714_2011,5545160.5643,7421867.6085,238.9433,06/06/2011 11:16:55,Pomierzony
0715_2011,5545165.5966,7421871.4142,238.9491,06/06/2011 11:17:00,Pomierzony
0716_2011,5545171.3537,7421872.8672,238.9336,06/06/2011 11:17:05,Pomierzony
0717_2011,5545177.4047,7421869.7632,238.9055,06/06/2011 11:17:20,Pomierzony
0718_2011,5545179.3514,7421871.1286,238.7914,06/06/2011 11:17:25,Pomierzony
0719_2011,5545182.6195,7421874.313,238.9153,06/06/2011 11:17:30,Pomierzony
0720_2011,5545185.8208,7421880.084,238.9007,06/06/2011 11:17:35,Pomierzony
0721_2011,5545186.2566,7421886.8251,238.9092,06/06/2011 11:17:40,Pomierzony
0722_2011,5545183.7065,7421892.0313,238.9068,06/06/2011 11:17:45,Pomierzony
0723_2011,5545182.3399,7421898.049,238.9287,06/06/2011 11:17:50,Pomierzony
0724_2011,5545185.0059,7421902.7042,239.0042,06/06/2011 11:17:55,Pomierzony
0725_2011,5545188.3489,7421907.4473,239.1672,06/06/2011 11:18:00,Pomierzony
0726_2011,5545191.1645,7421912.4247,238.935,06/06/2011 11:18:05,Pomierzony
0727_2011,5545193.8545,7421917.6446,238.938,06/06/2011 11:18:10,Pomierzony
0728_2011,5545196.5377,7421922.9166,238.9197,06/06/2011 11:18:15,Pomierzony
0729_2011,5545198.9186,7421928.2507,238.9328,06/06/2011 11:18:20,Pomierzony
0730_2011,5545201.5452,7421933.5618,238.9267,06/06/2011 11:18:25,Pomierzony
0731_2011,5545204.8623,7421938.7643,238.9578,06/06/2011 11:18:30,Pomierzony
0732_2011,5545208.2049,7421944.2425,238.9476,06/06/2011 11:18:35,Pomierzony
0733_2011,5545211.0808,7421949.9628,238.961,06/06/2011 11:18:40,Pomierzony
0734_2011,5545211.3362,7421954.8463,238.9469,06/06/2011 11:18:45,Pomierzony
0735_2011,5545210.9134,7421959.879,238.9288,06/06/2011 11:18:50,Pomierzony
0736_2011,5545210.4581,7421965.2264,238.8996,06/06/2011 11:18:55,Pomierzony
0737_2011,5545211.2905,7421970.8615,238.9194,06/06/2011 11:19:00,Pomierzony
0738_2011,5545212.5923,7421976.2276,238.9231,06/06/2011 11:19:05,Pomierzony
0739_2011,5545216.0666,7421980.3067,238.9312,06/06/2011 11:19:10,Pomierzony
0740_2011,5545220.7188,7421982.3781,238.9568,06/06/2011 11:19:15,Pomierzony
0741_2011,5545225.2007,7421985.0024,238.9478,06/06/2011 11:19:20,Pomierzony
0742_2011,5545228.5251,7421989.3404,238.9309,06/06/2011 11:19:25,Pomierzony
0743_2011,5545230.8271,7421994.6759,238.9033,06/06/2011 11:19:30,Pomierzony
0744_2011,5545233.7901,7421999.7602,238.9213,06/06/2011 11:19:35,Pomierzony
0745_2011,5545238.028,7422003.1232,238.9296,06/06/2011 11:19:40,Pomierzony
0746_2011,5545241.9366,7422006.8752,238.9249,06/06/2011 11:19:45,Pomierzony
0747_2011,5545244.7966,7422011.7828,238.9106,06/06/2011 11:19:50,Pomierzony
0748_2011,5545248.2297,7422016.3346,238.9359,06/06/2011 11:19:55,Pomierzony
0749_2011,5545252.2532,7422018.5709,238.9126,06/06/2011 11:20:00,Pomierzony
0750_2011,5545257.1908,7422018.8039,238.9405,06/06/2011 11:20:05,Pomierzony
0751_2011,5545260.9766,7422021.3215,238.9046,06/06/2011 11:20:10,Pomierzony
0752_2011,5545265.1944,7422024.7407,238.8949,06/06/2011 11:20:15,Pomierzony
0753_2011,5545269.6744,7422028.0645,238.9217,06/06/2011 11:20:20,Pomierzony
0754_2011,5545274.1746,7422031.5438,238.9017,06/06/2011 11:20:25,Pomierzony
0755_2011,5545277.6242,7422035.6914,238.9192,06/06/2011 11:20:30,Pomierzony
0756_2011,5545280.3827,7422039.696,238.9194,06/06/2011 11:20:35,Pomierzony
0757_2011,5545284.2552,7422043.1231,238.9373,06/06/2011 11:20:40,Pomierzony
0758_2011,5545283.952,7422046.4457,238.8808,06/06/2011 11:20:45,Pomierzony
0759_2011,5545280.1546,7422048.8818,238.8846,06/06/2011 11:20:50,Pomierzony
0760_2011,5545275.1622,7422049.5778,238.9224,06/06/2011 11:20:55,Pomierzony
0761_2011,5545269.6292,7422049.3577,238.9238,06/06/2011 11:21:00,Pomierzony
0762_2011,5545265.4617,7422047.1551,238.899,06/06/2011 11:21:05,Pomierzony
0763_2011,5545261.5565,7422044.2234,238.9108,06/06/2011 11:21:10,Pomierzony
0764_2011,5545257.8235,7422044.1912,238.9138,06/06/2011 11:21:15,Pomierzony
0765_2011,5545254.3642,7422045.6625,238.9675,06/06/2011 11:21:20,Pomierzony
0766_2011,5545250.1173,7422047.0497,239.0397,06/06/2011 11:21:25,Pomierzony
0767_2011,5545245.8989,7422048.9345,238.9142,06/06/2011 11:21:30,Pomierzony
0768_2011,5545241.2742,7422051.1101,238.8916,06/06/2011 11:21:35,Pomierzony
0769_2011,5545236.7533,7422053.6248,238.8561,06/06/2011 11:21:40,Pomierzony
0770_2011,5545232.6837,7422056.6845,238.8932,06/06/2011 11:21:45,Pomierzony
0771_2011,5545228.1654,7422058.1739,238.8891,06/06/2011 11:21:50,Pomierzony
0772_2011,5545223.3495,7422057.8331,238.9113,06/06/2011 11:21:55,Pomierzony
0773_2011,5545219.5344,7422061.7621,238.8913,06/06/2011 11:22:00,Pomierzony
0774_2011,5545220.3975,7422065.3708,238.9255,06/06/2011 11:22:05,Pomierzony
0775_2011,5545223.4189,7422067.992,238.8835,06/06/2011 11:22:10,Pomierzony
0776_2011,5545224.9987,7422072.2642,238.9162,06/06/2011 11:22:15,Pomierzony
0777_2011,5545224.1217,7422076.9748,238.9607,06/06/2011 11:22:20,Pomierzony
0778_2011,5545223.4926,7422081.684,239.0978,06/06/2011 11:22:25,Pomierzony
0779_2011,5545222.1131,7422084.6621,239.2062,06/06/2011 11:22:30,Pomierzony
0780_2011,5545219.6732,7422086.703,239.3578,06/06/2011 11:22:35,Pomierzony
0781_2011,5545216.1084,7422087.7058,239.5439,06/06/2011 11:22:40,Pomierzony
0782_2011,5545211.8119,7422087.3949,238.4618,06/06/2011 11:22:45,Pomierzony
0783_2011,5545206.7999,7422087.9383,239.0409,06/06/2011 11:22:50,Pomierzony
0784_2011,5545202.0345,7422087.6182,238.9778,06/06/2011 11:22:55,Pomierzony
0785_2011,5545198.1671,7422086.2028,238.8879,06/06/2011 11:23:00,Pomierzony
0786_2011,5545194.4186,7422083.6431,238.8947,06/06/2011 11:23:05,Pomierzony
0787_2011,5545190.1821,7422082.2481,238.8767,06/06/2011 11:23:10,Pomierzony
0788_2011,5545187.5663,7422079.5339,238.8813,06/06/2011 11:23:15,Pomierzony
0789_2011,5545184.5373,7422076.9375,238.8888,06/06/2011 11:23:20,Pomierzony
0790_2011,5545183.9433,7422073.4276,238.8799,06/06/2011 11:23:25,Pomierzony
0791_2011,5545183.8876,7422068.4307,238.8692,06/06/2011 11:23:30,Pomierzony
0792_2011,5545184.9486,7422062.2295,238.8475,06/06/2011 11:23:35,Pomierzony
0793_2011,5545187.6263,7422056.0929,238.8937,06/06/2011 11:23:40,Pomierzony
0794_2011,5545188.0921,7422050.4024,238.8691,06/06/2011 11:23:45,Pomierzony
0795_2011,5545185.832,7422047.5524,238.89,06/06/2011 11:23:50,Pomierzony
0796_2011,5545183.4017,7422044.0251,238.8658,06/06/2011 11:23:55,Pomierzony
0797_2011,5545182.2726,7422038.6055,238.8694,06/06/2011 11:24:00,Pomierzony
0798_2011,5545179.1376,7422034.1432,238.8565,06/06/2011 11:24:05,Pomierzony
0799_2011,5545174.6781,7422030.0965,238.8776,06/06/2011 11:24:10,Pomierzony
0800_2011,5545175.5883,7422024.8197,238.8602,06/06/2011 11:24:15,Pomierzony
0801_2011,5545179.9641,7422021.1794,238.8602,06/06/2011 11:24:20,Pomierzony
0802_2011,5545183.138,7422016.3689,238.8546,06/06/2011 11:24:25,Pomierzony
0803_2011,5545181.3918,7422013.0244,238.8687,06/06/2011 11:24:30,Pomierzony
0804_2011,5545180.4231,7422009.2826,238.8816,06/06/2011 11:24:35,Pomierzony
0805_2011,5545182.2864,7422006.8875,238.8794,06/06/2011 11:24:40,Pomierzony
0806_2011,5545186.0804,7422005.2207,238.8872,06/06/2011 11:24:45,Pomierzony
0807_2011,5545189.1404,7422001.9203,238.8479,06/06/2011 11:24:50,Pomierzony
0808_2011,5545190.1699,7421997.7139,238.88,06/06/2011 11:24:55,Pomierzony
0809_2011,5545191.9765,7421993.3824,238.8711,06/06/2011 11:25:00,Pomierzony
0810_2011,5545195.191,7421987.9981,238.8944,06/06/2011 11:25:05,Pomierzony
0811_2011,5545198.8697,7421983.3277,238.8456,06/06/2011 11:25:10,Pomierzony
0812_2011,5545201.7324,7421984.3542,238.8636,06/06/2011 11:25:15,Pomierzony
0813_2011,5545202.1469,7421988.1656,238.9027,06/06/2011 11:25:20,Pomierzony
0814_2011,5545200.5015,7421993.0656,238.8575,06/06/2011 11:25:25,Pomierzony
0815_2011,5545201.9922,7421998.1505,238.8701,06/06/2011 11:25:30,Pomierzony
0816_2011,5545205.0546,7422002.3479,238.8706,06/06/2011 11:25:35,Pomierzony
0817_2011,5545206.986,7422006.863,238.8709,06/06/2011 11:25:40,Pomierzony
0818_2011,5545204.0591,7422010.5874,238.8818,06/06/2011 11:25:45,Pomierzony
0819_2011,5545199.7622,7422014.4786,238.8892,06/06/2011 11:25:50,Pomierzony
0820_2011,5545196.4266,7422019.0162,238.8968,06/06/2011 11:25:55,Pomierzony
0821_2011,5545193.828,7422023.4872,238.8628,06/06/2011 11:26:00,Pomierzony
0822_2011,5545189.3282,7422025.7594,238.8801,06/06/2011 11:26:05,Pomierzony
0823_2011,5545185.0589,7422029.5391,238.8715,06/06/2011 11:26:10,Pomierzony
0824_2011,5545180.7741,7422032.1733,238.8681,06/06/2011 11:26:15,Pomierzony
0825_2011,5545176.9229,7422035.634,238.8575,06/06/2011 11:26:20,Pomierzony
0826_2011,5545172.8554,7422037.8127,238.8582,06/06/2011 11:26:25,Pomierzony
0827_2011,5545168.3809,7422040.8933,238.8719,06/06/2011 11:26:30,Pomierzony
0828_2011,5545164.8821,7422045.2605,238.8661,06/06/2011 11:26:35,Pomierzony
0829_2011,5545163.0003,7422049.8822,238.8797,06/06/2011 11:26:40,Pomierzony
0830_2011,5545159.5463,7422053.7095,238.9037,06/06/2011 11:26:45,Pomierzony
0831_2011,5545155.3599,7422057.4515,238.8916,06/06/2011 11:26:50,Pomierzony
0832_2011,5545150.9725,7422059.078,238.9111,06/06/2011 11:26:55,Pomierzony
0833_2011,5545146.5338,7422060.0089,238.8967,06/06/2011 11:27:00,Pomierzony
0834_2011,5545142.3404,7422059.5591,238.8856,06/06/2011 11:27:05,Pomierzony
0835_2011,5545137.8236,7422059.3568,238.9128,06/06/2011 11:27:10,Pomierzony
0836_2011,5545134.4293,7422056.8083,238.8978,06/06/2011 11:27:15,Pomierzony
0837_2011,5545131.3797,7422054.0488,238.9185,06/06/2011 11:27:20,Pomierzony
0838_2011,5545128.8636,7422051.8315,238.8766,06/06/2011 11:27:25,Pomierzony
0839_2011,5545128.9308,7422051.2599,238.9441,06/06/2011 11:27:30,Pomierzony
0840_2011,5545128.8496,7422049.4783,238.9055,06/06/2011 11:27:35,Pomierzony
0841_2011,5545127.6391,7422048.9306,238.9127,06/06/2011 11:27:40,Pomierzony
0842_2011,5545127.4738,7422048.9978,238.9724,06/06/2011 11:27:45,Pomierzony
0843_2011,5545127.254,7422049.0482,238.9363,06/06/2011 11:27:50,Pomierzony
0844_2011,5545127.4273,7422049.162,238.925,06/06/2011 11:27:55,Pomierzony
0845_2011,5545127.0277,7422049.0084,238.9245,06/06/2011 11:28:00,Pomierzony
0846_2011,5545127.3332,7422049.1288,238.8785,06/06/2011 11:28:05,Pomierzony
0847_2011,5545127.0503,7422048.9618,238.7896,06/06/2011 11:28:10,Pomierzony
0848_2011,5545127.0099,7422049.3107,238.636,06/06/2011 11:28:15,Pomierzony
0849_2011,5545126.9622,7422049.3904,238.4366,06/06/2011 11:28:20,Pomierzony
0850_2011,5545127.357,7422049.7236,238.3052,06/06/2011 11:28:25,Pomierzony
0851_2011,5545128.145,7422050.0724,238.1893,06/06/2011 11:28:30,Pomierzony
0852_2011,5545128.7827,7422050.4227,238.0574,06/06/2011 11:28:35,Pomierzony
0853_2011,5545129.336,7422050.8462,237.9611,06/06/2011 11:28:40,Pomierzony
0854_2011,5545129.7844,7422051.2407,237.8432,06/06/2011 11:28:45,Pomierzony
0855_2011,5545129.3932,7422051.4307,238.9624,06/06/2011 11:28:50,Pomierzony
0856_2011,5545129.7285,7422051.5564,238.9445,06/06/2011 11:28:55,Pomierzony
0857_2011,5545130.188,7422051.8386,238.9383,06/06/2011 11:29:00,Pomierzony
0858_2011,5545130.8534,7422051.9397,238.9433,06/06/2011 11:29:05,Pomierzony
0859_2011,5545131.3991,7422052.1284,238.93,06/06/2011 11:29:10,Pomierzony
0860_2011,5545131.7371,7422053.3493,238.8792,06/06/2011 11:29:15,Pomierzony
0861_2011,5545132.8506,7422054.1723,238.8937,06/06/2011 11:29:20,Pomierzony
0862_2011,5545135.699,7422054.12,238.8994,06/06/2011 11:29:25,Pomierzony
0863_2011,5545139.7207,7422053.4338,238.9147,06/06/2011 11:29:30,Pomierzony
0864_2011,5545144.4971,7422052.3864,238.887,06/06/2011 11:29:35,Pomierzony
0865_2011,5545148.8758,7422050.3085,238.909,06/06/2011 11:29:40,Pomierzony
0866_2011,5545150.9615,7422048.3897,238.9153,06/06/2011 11:29:45,Pomierzony
0867_2011,5545151.443,7422045.2224,238.901,06/06/2011 11:29:50,Pomierzony
0868_2011,5545154.3649,7422042.3972,238.8844,06/06/2011 11:29:55,Pomierzony
0869_2011,5545158.8708,7422040.2578,238.9066,06/06/2011 11:30:00,Pomierzony
0870_2011,5545163.3172,7422037.3613,238.8977,06/06/2011 11:30:05,Pomierzony
0871_2011,5545166.7444,7422033.4833,238.8959,06/06/2011 11:30:10,Pomierzony
0872_2011,5545169.2235,7422029.0153,238.8764,06/06/2011 11:30:15,Pomierzony
0873_2011,5545171.3329,7422024.4817,238.8865,06/06/2011 11:30:20,Pomierzony
0874_2011,5545172.2426,7422019.7434,238.9137,06/06/2011 11:30:25,Pomierzony
0875_2011,5545171.67,7422015.3667,238.8922,06/06/2011 11:30:30,Pomierzony
0876_2011,5545171.8921,7422011.0118,238.8852,06/06/2011 11:30:35,Pomierzony
0877_2011,5545172.2928,7422006.3563,238.8783,06/06/2011 11:30:40,Pomierzony
0878_2011,5545170.7137,7422003.2592,238.863,06/06/2011 11:30:45,Pomierzony
0879_2011,5545168.1289,7422000.0982,238.8616,06/06/2011 11:30:50,Pomierzony
0880_2011,5545166.7297,7421995.6409,238.8551,06/06/2011 11:30:55,Pomierzony
0881_2011,5545166.8357,7421990.5535,238.8665,06/06/2011 11:31:00,Pomierzony
0882_2011,5545167.4934,7421985.197,238.841,06/06/2011 11:31:05,Pomierzony
0883_2011,5545168.4677,7421979.8835,238.8757,06/06/2011 11:31:10,Pomierzony
0884_2011,5545168.1097,7421974.9643,238.8714,06/06/2011 11:31:15,Pomierzony
0885_2011,5545165.2809,7421971.93,238.8707,06/06/2011 11:31:20,Pomierzony
0886_2011,5545161.2621,7421970.8561,238.8853,06/06/2011 11:31:25,Pomierzony
0887_2011,5545158.0798,7421967.7689,238.8685,06/06/2011 11:31:30,Pomierzony
0888_2011,5545157.0291,7421963.8078,238.8497,06/06/2011 11:31:35,Pomierzony
0889_2011,5545158.2615,7421959.6127,238.8611,06/06/2011 11:31:40,Pomierzony
0890_2011,5545159.5846,7421954.4815,238.8603,06/06/2011 11:31:45,Pomierzony
0891_2011,5545158.3036,7421950.3519,238.8688,06/06/2011 11:31:50,Pomierzony
0892_2011,5545156.4489,7421946.4133,238.8607,06/06/2011 11:31:55,Pomierzony
0893_2011,5545154.3844,7421941.8191,238.8609,06/06/2011 11:32:00,Pomierzony
0894_2011,5545151.1298,7421939.4434,238.8425,06/06/2011 11:32:05,Pomierzony
0895_2011,5545147.5995,7421937.515,238.8474,06/06/2011 11:32:10,Pomierzony
0896_2011,5545144.4487,7421933.8851,238.8842,06/06/2011 11:32:15,Pomierzony
0897_2011,5545140.6513,7421930.0883,238.8606,06/06/2011 11:32:20,Pomierzony
0898_2011,5545136.6389,7421929.9601,238.8478,06/06/2011 11:32:25,Pomierzony
0899_2011,5545132.6391,7421928.0909,238.8476,06/06/2011 11:32:30,Pomierzony
0900_2011,5545132.0252,7421924.338,238.8413,06/06/2011 11:32:35,Pomierzony
0901_2011,5545134.1447,7421919.9709,238.8551,06/06/2011 11:32:40,Pomierzony
0902_2011,5545137.6244,7421915.4833,238.849,06/06/2011 11:32:45,Pomierzony
0903_2011,5545140.075,7421910.4038,238.8568,06/06/2011 11:32:50,Pomierzony
0904_2011,5545139.5298,7421906.1539,238.8888,06/06/2011 11:32:55,Pomierzony
0905_2011,5545137.2841,7421902.9044,238.8326,06/06/2011 11:33:00,Pomierzony
0906_2011,5545134.4317,7421900.131,238.8628,06/06/2011 11:33:05,Pomierzony
0907_2011,5545131.392,7421898.5265,238.8626,06/06/2011 11:33:10,Pomierzony
0908_2011,5545127.6985,7421897.8107,238.8553,06/06/2011 11:33:15,Pomierzony
0909_2011,5545123.8769,7421896.0644,238.8737,06/06/2011 11:33:20,Pomierzony
0910_2011,5545121.4199,7421893.3528,238.8504,06/06/2011 11:33:25,Pomierzony
0911_2011,5545120.4908,7421889.8967,238.858,06/06/2011 11:33:30,Pomierzony
0912_2011,5545120.702,7421887.2406,238.8407,06/06/2011 11:33:35,Pomierzony
0913_2011,5545121.1067,7421885.4101,238.8463,06/06/2011 11:33:40,Pomierzony
0914_2011,5545121.394,7421884.1164,238.8489,06/06/2011 11:33:45,Pomierzony
0915_2011,5545121.5555,7421883.1396,238.8197,06/06/2011 11:33:50,Pomierzony
0916_2011,5545122.0185,7421884.0228,238.8554,06/06/2011 11:33:55,Pomierzony
0917_2011,5545125.0863,7421883.1027,238.8421,06/06/2011 11:34:00,Pomierzony
0918_2011,5545130.2151,7421882.3362,238.8707,06/06/2011 11:34:05,Pomierzony
0919_2011,5545135.3879,7421884.918,238.8544,06/06/2011 11:34:10,Pomierzony
0920_2011,5545139.6385,7421889.0865,238.8616,06/06/2011 11:34:15,Pomierzony
0921_2011,5545143.8265,7421893.8758,238.854,06/06/2011 11:34:20,Pomierzony
0922_2011,5545148.9543,7421896.0277,238.8415,06/06/2011 11:34:25,Pomierzony
0923_2011,5545154.434,7421895.9688,238.8615,06/06/2011 11:34:30,Pomierzony
0924_2011,5545159.4523,7421893.716,238.8476,06/06/2011 11:34:35,Pomierzony
0925_2011,5545163.3089,7421890.2103,238.8626,06/06/2011 11:34:40,Pomierzony
0926_2011,5545166.4011,7421886.1434,238.8255,06/06/2011 11:34:45,Pomierzony
0927_2011,5545170.5583,7421885.3184,238.8535,06/06/2011 11:34:50,Pomierzony
0928_2011,5545175.1311,7421883.6633,238.8416,06/06/2011 11:34:55,Pomierzony
0929_2011,5545178.9033,7421880.0154,238.8567,06/06/2011 11:35:00,Pomierzony
0930_2011,5545180.0103,7421875.1307,238.8543,06/06/2011 11:35:05,Pomierzony
0931_2011,5545182.0213,7421870.8349,238.8644,06/06/2011 11:35:10,Pomierzony
0932_2011,5545186.6309,7421870.1993,238.8577,06/06/2011 11:35:15,Pomierzony
0933_2011,5545192.053,7421871.1218,238.8482,06/06/2011 11:35:20,Pomierzony
0934_2011,5545196.8359,7421870.2913,238.8496,06/06/2011 11:35:25,Pomierzony
0935_2011,5545201.9043,7421870.6356,238.8667,06/06/2011 11:35:30,Pomierzony
0936_2011,5545206.7107,7421873.1643,238.8531,06/06/2011 11:35:35,Pomierzony
0937_2011,5545211.1479,7421876.4065,238.8443,06/06/2011 11:35:40,Pomierzony
0938_2011,5545216.07,7421879.6472,238.8725,06/06/2011 11:35:45,Pomierzony
0939_2011,5545220.9691,7421880.5921,238.8681,06/06/2011 11:35:50,Pomierzony
0940_2011,5545224.987,7421879.4209,238.8793,06/06/2011 11:35:55,Pomierzony
0941_2011,5545229.9536,7421879.1161,238.8621,06/06/2011 11:36:00,Pomierzony
0942_2011,5545235.2792,7421880.402,238.8675,06/06/2011 11:36:05,Pomierzony
0943_2011,5545240.8947,7421883.0935,238.8834,06/06/2011 11:36:10,Pomierzony
0944_2011,5545247.0286,7421884.8382,238.8889,06/06/2011 11:36:15,Pomierzony
0945_2011,5545251.1428,7421883.4823,238.8807,06/06/2011 11:36:20,Pomierzony
0946_2011,5545255.4112,7421881.4814,238.8909,06/06/2011 11:36:25,Pomierzony
0947_2011,5545260.2563,7421883.0331,238.8835,06/06/2011 11:36:30,Pomierzony
0948_2011,5545264.6172,7421885.6361,238.8738,06/06/2011 11:36:35,Pomierzony
0949_2011,5545267.5703,7421889.7037,238.8895,06/06/2011 11:36:40,Pomierzony
0950_2011,5545270.4322,7421895.0498,238.897,06/06/2011 11:36:45,Pomierzony
0951_2011,5545274.9191,7421898.063,238.8819,06/06/2011 11:36:50,Pomierzony
0952_2011,5545279.6788,7421898.4307,238.8716,06/06/2011 11:36:55,Pomierzony
0953_2011,5545284.6321,7421899.815,238.8691,06/06/2011 11:37:00,Pomierzony
0954_2011,5545289.3983,7421901.8605,238.8998,06/06/2011 11:37:05,Pomierzony
0955_2011,5545294.5777,7421904.0825,238.8713,06/06/2011 11:37:10,Pomierzony
0956_2011,5545299.1772,7421904.3002,238.879,06/06/2011 11:37:15,Pomierzony
0957_2011,5545303.8659,7421903.8519,238.8942,06/06/2011 11:37:20,Pomierzony
0958_2011,5545306.1689,7421907.7898,238.9116,06/06/2011 11:37:25,Pomierzony
0959_2011,5545307.3962,7421913.1452,238.8778,06/06/2011 11:37:30,Pomierzony
0960_2011,5545309.0752,7421918.6327,238.8973,06/06/2011 11:37:35,Pomierzony
0961_2011,5545312.5618,7421921.4359,238.9064,06/06/2011 11:37:40,Pomierzony
0962_2011,5545315.6694,7421925.8851,238.8808,06/06/2011 11:37:45,Pomierzony
0963_2011,5545316.2243,7421931.5788,238.8915,06/06/2011 11:37:50,Pomierzony
0964_2011,5545313.1753,7421935.1508,238.9016,06/06/2011 11:37:55,Pomierzony
0965_2011,5545308.9523,7421937.9145,238.9104,06/06/2011 11:38:00,Pomierzony
0966_2011,5545304.1261,7421940.3403,238.9097,06/06/2011 11:38:05,Pomierzony
0967_2011,5545300.4758,7421944.4493,238.8979,06/06/2011 11:38:10,Pomierzony
0968_2011,5545299.3915,7421949.5223,238.9055,06/06/2011 11:38:15,Pomierzony
0969_2011,5545300.9924,7421954.1056,238.8851,06/06/2011 11:38:20,Pomierzony
0970_2011,5545299.5697,7421958.0197,238.8735,06/06/2011 11:38:25,Pomierzony
0971_2011,5545296.1778,7421961.3696,238.8941,06/06/2011 11:38:30,Pomierzony
0972_2011,5545293.2925,7421965.8689,238.8872,06/06/2011 11:38:35,Pomierzony
0973_2011,5545293.0478,7421970.3788,238.9094,06/06/2011 11:38:40,Pomierzony
0974_2011,5545293.6966,7421974.3134,238.9059,06/06/2011 11:38:45,Pomierzony
0975_2011,5545294.3747,7421977.9121,238.9266,06/06/2011 11:38:50,Pomierzony
0976_2011,5545294.415,7421982.1751,238.9033,06/06/2011 11:38:55,Pomierzony
0977_2011,5545294.1918,7421987.1903,238.8851,06/06/2011 11:39:00,Pomierzony
0978_2011,5545293.0634,7421992.2121,238.8836,06/06/2011 11:39:05,Pomierzony
0979_2011,5545292.0796,7421998.4373,238.8695,06/06/2011 11:39:10,Pomierzony
0980_2011,5545293.2964,7422005.3317,238.8981,06/06/2011 11:39:15,Pomierzony
0981_2011,5545294.752,7422008.4351,238.8895,06/06/2011 11:39:20,Pomierzony
0982_2011,5545295.8384,7422010.0999,238.8817,06/06/2011 11:39:25,Pomierzony
0983_2011,5545298.9981,7422010.3633,238.8901,06/06/2011 11:39:30,Pomierzony
0984_2011,5545299.8157,7422014.0969,238.8585,06/06/2011 11:39:35,Pomierzony
0985_2011,5545297.8243,7422018.6204,238.8805,06/06/2011 11:39:40,Pomierzony
0986_2011,5545294.8555,7422023.7425,238.8889,06/06/2011 11:39:45,Pomierzony
0987_2011,5545294.5903,7422028.9093,238.8903,06/06/2011 11:39:50,Pomierzony
0988_2011,5545293.3939,7422034.3996,238.871,06/06/2011 11:39:55,Pomierzony
0989_2011,5545289.5459,7422035.4871,238.8725,06/06/2011 11:40:00,Pomierzony
0990_2011,5545284.8741,7422036.2419,238.8916,06/06/2011 11:40:05,Pomierzony
0991_2011,5545279.816,7422037.2815,238.9026,06/06/2011 11:40:10,Pomierzony
0992_2011,5545274.3462,7422037.188,238.8878,06/06/2011 11:40:15,Pomierzony
0993_2011,5545269.017,7422036.1439,238.8881,06/06/2011 11:40:20,Pomierzony
0994_2011,5545263.728,7422034.8341,238.8825,06/06/2011 11:40:25,Pomierzony
0995_2011,5545258.4523,7422034.091,238.8939,06/06/2011 11:40:30,Pomierzony
0996_2011,5545253.5084,7422034.8543,238.8464,06/06/2011 11:40:35,Pomierzony
0997_2011,5545248.9153,7422037.1788,238.893,06/06/2011 11:40:40,Pomierzony
0998_2011,5545244.0445,7422039.2903,238.9106,06/06/2011 11:40:45,Pomierzony
0999_2011,5545239.1949,7422038.5186,238.9006,06/06/2011 11:40:50,Pomierzony
1000_2011,5545234.4942,7422036.0805,238.9092,06/06/2011 11:40:55,Pomierzony
1001_2011,5545229.5825,7422035.0015,238.9178,06/06/2011 11:41:00,Pomierzony
1002_2011,5545224.9651,7422035.7063,238.9211,06/06/2011 11:41:05,Pomierzony
1003_2011,5545220.9647,7422037.4325,238.8929,06/06/2011 11:41:10,Pomierzony
1004_2011,5545215.7739,7422037.1806,238.9155,06/06/2011 11:41:15,Pomierzony
1005_2011,5545209.6901,7422036.6744,238.9135,06/06/2011 11:41:20,Pomierzony
1006_2011,5545206.1781,7422039.3723,238.8954,06/06/2011 11:41:25,Pomierzony
1007_2011,5545201.4384,7422040.5213,238.9244,06/06/2011 11:41:30,Pomierzony
1008_2011,5545196.083,7422038.8326,238.8936,06/06/2011 11:41:35,Pomierzony
1009_2011,5545190.6398,7422037.6233,238.8892,06/06/2011 11:41:40,Pomierzony
1010_2011,5545185.2746,7422036.8583,238.8982,06/06/2011 11:41:45,Pomierzony
1011_2011,5545181.0898,7422037.9466,238.897,06/06/2011 11:41:50,Pomierzony
1012_2011,5545176.0111,7422037.8278,238.8966,06/06/2011 11:41:55,Pomierzony
1013_2011,5545171.5146,7422039.0172,238.8835,06/06/2011 11:42:00,Pomierzony
1014_2011,5545167.3444,7422040.5968,238.8868,06/06/2011 11:42:05,Pomierzony
1015_2011,5545162.9294,7422042.0303,238.8817,06/06/2011 11:42:10,Pomierzony
1016_2011,5545159.1258,7422044.0994,238.891,06/06/2011 11:42:15,Pomierzony
1017_2011,5545155.7917,7422046.5536,238.8925,06/06/2011 11:42:20,Pomierzony
1018_2011,5545151.9424,7422048.3581,238.8936,06/06/2011 11:42:25,Pomierzony
1019_2011,5545149.4851,7422051.0579,238.8834,06/06/2011 11:42:30,Pomierzony
1020_2011,5545148.3149,7422054.9369,238.8841,06/06/2011 11:42:35,Pomierzony
1021_2011,5545145.7673,7422058.4307,238.8929,06/06/2011 11:42:40,Pomierzony
1022_2011,5545143.0114,7422061.3981,238.8927,06/06/2011 11:42:45,Pomierzony
1023_2011,5545140.1384,7422063.9979,239.0917,06/06/2011 11:42:50,Pomierzony
1024_2011,5545136.3515,7422065.615,238.8973,06/06/2011 11:42:55,Pomierzony
1025_2011,5545132.8714,7422064.3194,238.893,06/06/2011 11:43:00,Pomierzony
1026_2011,5545130.6605,7422061.6822,238.8872,06/06/2011 11:43:05,Pomierzony
1027_2011,5545129.4604,7422058.4087,238.9219,06/06/2011 11:43:10,Pomierzony
1028_2011,5545128.9321,7422055.4121,238.8937,06/06/2011 11:43:15,Pomierzony
1029_2011,5545129.3729,7422052.4716,238.8976,06/06/2011 11:43:20,Pomierzony
1030_2011,5545129.1338,7422050.6724,238.904,06/06/2011 11:43:25,Pomierzony
1031_2011,5545129.1639,7422049.4311,238.9096,06/06/2011 11:43:30,Pomierzony
1032_2011,5545127.1924,7422049.1148,238.9291,06/06/2011 11:43:35,Pomierzony
1033_2011,5545127.0824,7422049.6,238.9095,06/06/2011 11:43:40,Pomierzony
1034_2011,5545126.8891,7422049.7393,238.9719,06/06/2011 11:43:45,Pomierzony
1035_2011,5545126.7416,7422049.5387,238.9256,06/06/2011 11:43:50,Pomierzony
1036_2011,5545126.9468,7422049.4265,238.9113,06/06/2011 11:43:55,Pomierzony
1037_2011,5545126.9961,7422049.6213,238.8904,06/06/2011 11:44:00,Pomierzony
1038_2011,5545127.3218,7422049.8891,238.9421,06/06/2011 11:44:05,Pomierzony
1039_2011,5545127.1642,7422049.6572,238.8549,06/06/2011 11:44:10,Pomierzony
1040_2011,5545127.2652,7422049.6329,238.8806,06/06/2011 11:44:15,Pomierzony
1041_2011,5545127.5672,7422049.3851,238.9553,06/06/2011 11:44:20,Pomierzony
1042_2011,5545127.0228,7422049.2294,238.8786,06/06/2011 11:44:25,Pomierzony
1043_2011,5545127.2977,7422049.582,238.6803,06/06/2011 11:44:30,Pomierzony
